Global ID,Alias,Rarity,Default Unlock,Base Reward,Exclusive,Event,Event Year,Collection ID,Vault
32769,Afro,Common,TRUE,TRUE,FALSE,,,,FALSE
16387,Black_Beanie,Uncommon,,TRUE,FALSE,,,,FALSE
81924,Black_Cat_Ears,Rare,,FALSE,FALSE,Halloween,2017,,TRUE
5,Blue_Beanie,Uncommon,,TRUE,FALSE,,,,FALSE
6,Blue_Partyhat,Legendary,,FALSE,TRUE,Christmas,2017,,FALSE
49159,Boater,Legendary,,FALSE,FALSE,Easter,2020,,TRUE
81928,Bob,Common,TRUE,TRUE,FALSE,,,,FALSE
32777,Bride_of_Frankenstein,Uncommon,,FALSE,FALSE,Halloween,2017,,TRUE
10,Bro_Flow,Legendary,,FALSE,FALSE,Summer,2020,,TRUE
11,Bronze_Crown,Uncommon,,FALSE,TRUE,,,4,FALSE
16395,Bronze_Crown,Uncommon,,FALSE,TRUE,,,4,FALSE
32779,Bronze_Crown,Uncommon,,FALSE,TRUE,,,4,FALSE
49163,Bronze_Crown,Uncommon,,FALSE,TRUE,,,4,FALSE
65547,Bronze_Crown,Uncommon,,FALSE,TRUE,,,4,FALSE
81931,Bronze_Crown,Uncommon,,FALSE,TRUE,,,4,FALSE
12,Bunny_Ears,Rare,,FALSE,FALSE,Easter,2018,,TRUE
16396,Bunny_Ears,Rare,,FALSE,FALSE,Easter,2018,,TRUE
32780,Bunny_Ears,Rare,,FALSE,FALSE,Easter,2018,,TRUE
49164,Bunny_Ears,Rare,,FALSE,FALSE,Easter,2018,,TRUE
65548,Bunny_Ears,Rare,,FALSE,FALSE,Easter,2018,,TRUE
81932,Bunny_Ears,Rare,,FALSE,FALSE,Easter,2018,,TRUE
81933,Cat_Cap,Legendary,,FALSE,FALSE,Summer,2020,,TRUE
81934,Cat_Ears,Rare,,TRUE,FALSE,,,,FALSE
81935,Cat_Ears1,Rare,,TRUE,FALSE,,,,FALSE
81936,Cat_Ears2,Rare,,TRUE,FALSE,,,,FALSE
17,Coloured_Afro,Uncommon,,FALSE,TRUE,,,,FALSE
16401,Coloured_Afro,Uncommon,,FALSE,TRUE,,,,FALSE
49169,Coloured_Afro,Uncommon,,FALSE,TRUE,,,,FALSE
65553,Coloured_Afro,Uncommon,,FALSE,TRUE,,,,FALSE
81937,Coloured_Afro,Uncommon,,FALSE,TRUE,,,,FALSE
32786,Cornrows,Legendary,,FALSE,FALSE,Christmas,2019,,TRUE
49171,Cowgirl_Hat,Legendary,,FALSE,FALSE,Summer,2020,,TRUE
49172,Demonic_Hair,Legendary,,FALSE,FALSE,Halloween,2018,,TRUE
21,Elf_Hat,Rare,,FALSE,FALSE,Christmas,2016,,TRUE
16405,Elf_Hat,Rare,,FALSE,FALSE,Christmas,2016,,TRUE
32789,Elf_Hat,Rare,,FALSE,FALSE,Christmas,2016,,TRUE
49173,Elf_Hat,Rare,,FALSE,FALSE,Christmas,2016,,TRUE
65557,Elf_Hat,Rare,,FALSE,FALSE,Christmas,2016,,TRUE
81941,Elf_Hat,Rare,,FALSE,FALSE,Christmas,2016,,TRUE
22,Flat_Cap,Rare,,TRUE,FALSE,,,,FALSE
23,Flat_Cap1,Rare,,TRUE,FALSE,,,,FALSE
24,Flat_Cap2,Rare,,TRUE,FALSE,,,,FALSE
65561,Flight_Suit_Goggles,Rare,,TRUE,FALSE,,,,FALSE
65562,Flight_Suit_Goggles1,Rare,,TRUE,FALSE,,,,FALSE
65563,Flight_Suit_Goggles2,Rare,,TRUE,FALSE,,,,FALSE
28,Gold_Crown,Legendary,,FALSE,TRUE,,,6,FALSE
16412,Gold_Crown,Legendary,,FALSE,TRUE,,,6,FALSE
32796,Gold_Crown,Legendary,,FALSE,TRUE,,,6,FALSE
49180,Gold_Crown,Legendary,,FALSE,TRUE,,,6,FALSE
65564,Gold_Crown,Legendary,,FALSE,TRUE,,,6,FALSE
81948,Gold_Crown,Legendary,,FALSE,TRUE,,,6,FALSE
16413,Green_Afro,Uncommon,,FALSE,FALSE,Halloween,2019,,TRUE
32798,Green_Beanie,Uncommon,,TRUE,FALSE,,,,FALSE
49183,Green_Partyhat,Legendary,,FALSE,TRUE,Christmas,2017,,FALSE
32,Halo,Legendary,,FALSE,FALSE,Halloween,2019,,TRUE
65569,Ice_Pack,Uncommon,,FALSE,FALSE,Christmas,2019,,TRUE
65570,Kongphan_Hood,Uncommon,,FALSE,FALSE,,,,TRUE
32803,Large_Afro,Uncommon,,TRUE,FALSE,,,,FALSE
16420,Mohawk,Common,TRUE,TRUE,FALSE,,,,FALSE
32805,Hit_Squad_Mohawk,Rare,,FALSE,FALSE,Halloween,2019,,TRUE
16422,Mohawk_Purple,Uncommon,,FALSE,FALSE,Halloween,2016,,TRUE
32807,Police_Hat,Rare,,TRUE,FALSE,,,,FALSE
32808,Police_Hat1,Rare,,TRUE,FALSE,,,,FALSE
32809,Police_Hat2,Rare,,TRUE,FALSE,,,,FALSE
49194,Ponytail,Common,TRUE,TRUE,FALSE,,,,FALSE
43,Pumpkin_Hat,Rare,,FALSE,FALSE,Halloween,2017,,TRUE
44,Pumpkin_Suit_Afro,Uncommon,,FALSE,FALSE,Halloween,2018,,TRUE
32813,Purple_Partyhat,Legendary,,FALSE,TRUE,Christmas,2017,,FALSE
49198,Red_Beanie,Uncommon,,TRUE,FALSE,,,,FALSE
65583,Red_Partyhat,Legendary,,FALSE,TRUE,Christmas,2017,,FALSE
81968,Roses,Legendary,,FALSE,FALSE,Halloween,2019,,TRUE
49,Santa_Hat,Rare,,FALSE,FALSE,Christmas,2016,,TRUE
16433,Santa_Hat,Rare,,FALSE,FALSE,Christmas,2016,,TRUE
32817,Santa_Hat,Rare,,FALSE,FALSE,Christmas,2016,,TRUE
49201,Santa_Hat,Rare,,FALSE,FALSE,Christmas,2016,,TRUE
65585,Santa_Hat,Rare,,FALSE,FALSE,Christmas,2016,,TRUE
81969,Santa_Hat,Rare,,FALSE,FALSE,Christmas,2016,,TRUE
16434,Shaved,Uncommon,,TRUE,FALSE,,,,FALSE
49203,Lob,Legendary,,TRUE,FALSE,,,,FALSE
52,Silver_Crown,Rare,,FALSE,TRUE,,,5,FALSE
16436,Silver_Crown,Rare,,FALSE,TRUE,,,5,FALSE
32820,Silver_Crown,Rare,,FALSE,TRUE,,,5,FALSE
49204,Silver_Crown,Rare,,FALSE,TRUE,,,5,FALSE
65588,Silver_Crown,Rare,,FALSE,TRUE,,,5,FALSE
81972,Silver_Crown,Rare,,FALSE,TRUE,,,5,FALSE
65589,Slick_Back,Common,TRUE,TRUE,FALSE,,,,FALSE
16438,Snapback,Rare,,TRUE,FALSE,,,,FALSE
16439,Snapback1,Rare,,TRUE,FALSE,,,,FALSE
16440,Snapback2,Rare,,TRUE,FALSE,,,,FALSE
57,St_Paddys_Hat,Rare,,FALSE,FALSE,St Patrick's,2017,,TRUE
16441,St_Paddys_Hat,Rare,,FALSE,FALSE,St Patrick's,2017,,TRUE
32825,St_Paddys_Hat,Rare,,FALSE,FALSE,St Patrick's,2017,,TRUE
49209,St_Paddys_Hat,Rare,,FALSE,FALSE,St Patrick's,2017,,TRUE
65593,St_Paddys_Hat,Rare,,FALSE,FALSE,St Patrick's,2017,,TRUE
81977,St_Paddys_Hat,Rare,,FALSE,FALSE,St Patrick's,2017,,TRUE
65594,Summer_Flight_Goggles,Rare,,FALSE,FALSE,Summer,2020,,TRUE
16443,Summer_Snapback,Rare,,FALSE,FALSE,Summer,2020,,TRUE
32828,Tennis_Hat,Legendary,,FALSE,FALSE,Summer,2020,,TRUE
49213,Trilby,Rare,,TRUE,FALSE,,,,FALSE
49214,Trilby1,Rare,,TRUE,FALSE,,,,FALSE
49215,Trilby2,Rare,,TRUE,FALSE,,,,FALSE
64,Turkey_Hat,Rare,,FALSE,FALSE,Christmas,2016,,TRUE
16448,Turkey_Hat,Rare,,FALSE,FALSE,Christmas,2016,,TRUE
32832,Turkey_Hat,Rare,,FALSE,FALSE,Christmas,2016,,TRUE
49216,Turkey_Hat,Rare,,FALSE,FALSE,Christmas,2016,,TRUE
65600,Turkey_Hat,Rare,,FALSE,FALSE,Christmas,2016,,TRUE
81984,Turkey_Hat,Rare,,FALSE,FALSE,Christmas,2016,,TRUE
65601,White_Beanie,Uncommon,,TRUE,FALSE,,,,FALSE
16450,White_Partyhat,Legendary,,FALSE,TRUE,Christmas,2017,,FALSE
67,Wild,Common,TRUE,TRUE,FALSE,,,,FALSE
68,Wild_Blue,Uncommon,,TRUE,FALSE,,,,FALSE
69,Wild_Green,Uncommon,,FALSE,FALSE,Halloween,2016,,TRUE
81990,Yellow_Partyhat,Legendary,,FALSE,TRUE,Christmas,2017,,FALSE
90,Murder_Hat,Rare,,FALSE,FALSE,Halloween,2020,,TRUE
49243,Mobster_Trilby,Rare,,FALSE,FALSE,Halloween,2020,,TRUE
65628,Exposed_Brain,Legendary,,FALSE,FALSE,Halloween,2020,,TRUE
16477,Hunters_Hat,Legendary,,FALSE,FALSE,Halloween,2020,,TRUE
32862,Bridal_Veil,Legendary,,FALSE,FALSE,Halloween,2020,,TRUE
82015,Medusa_Snakes,Legendary,,FALSE,FALSE,Halloween,2020,,TRUE
96,Toy_Soldier_Helmet,Legendary,,FALSE,FALSE,Christmas,2020,,TRUE
16481,Nutcracker_Hat,Legendary,,FALSE,FALSE,Christmas,2020,,TRUE
49250,Flick_Out,Legendary,,FALSE,FALSE,Christmas,2020,,TRUE
82019,Rag_Doll_Curls,Legendary,,FALSE,FALSE,Christmas,2020,,TRUE
65636,Rulebreak_Goggles,Rare,,FALSE,FALSE,Christmas,2020,,TRUE
32869,Lockdown_Hat,Rare,,FALSE,FALSE,Christmas,2020,,TRUE
65638,Diamond_Hat,Legendary,,FALSE,FALSE,Valentines,2021,,TRUE
82023,After_Party_Nina_Hair,Rare,,FALSE,FALSE,Birthday,2021,,TRUE
16488,After_Party_Chang_Hair,Rare,,FALSE,FALSE,Birthday,2021,,TRUE
49257,Pastel_Trilby,Rare,,FALSE,FALSE,Easter,2021,,TRUE
65642,Paper_Hat,Rare,,FALSE,FALSE,Easter,2021,,TRUE
32875,Spring_Boater,Legendary,,FALSE,FALSE,Easter,2021,,TRUE
82028,Egg_Head,Legendary,,FALSE,FALSE,Easter,2021,,TRUE
109,Floral_Flat_Cap,Rare,,FALSE,FALSE,Summer,2021,,TRUE
32878,Desert_Police_Hat,Rare,,FALSE,FALSE,Summer,2021,,TRUE
49263,Elegant_Trilby,Rare,,FALSE,FALSE,Summer,2021,,TRUE
82032,Sombrero,Legendary,,FALSE,FALSE,Summer,2021,,TRUE
65649,Swimming_Cap,Legendary,,FALSE,FALSE,Summer,2021,,TRUE
16498,Headphones,Legendary,,FALSE,FALSE,Summer,2021,,TRUE
32883,Witch_Hat,Legendary,,FALSE,FALSE,Halloween,2021,,FALSE
65652,Ghost_Beanie,Legendary,,FALSE,FALSE,Halloween,2021,,FALSE
117,Zombie_Head,Legendary,,FALSE,FALSE,Halloween,2021,,FALSE
82038,Mime_Hat,Legendary,,FALSE,FALSE,Halloween,2021,,FALSE
49271,Jester_Hat,Legendary,,FALSE,FALSE,Halloween,2021,,FALSE
16504,Demon_Head,Legendary,,FALSE,FALSE,Halloween,2021,,FALSE
121,Short_Beanie,Legendary,,TRUE,FALSE,,,,FALSE
32890,Short_Bob,Legendary,,TRUE,FALSE,,,,FALSE
16507,Spike_Mohawk,Legendary,,TRUE,FALSE,,,,FALSE
49276,Updo,Legendary,,TRUE,FALSE,,,,FALSE
65661,Flick_Up,Legendary,,TRUE,FALSE,,,,FALSE
82046,Cat_Earphones,Legendary,,TRUE,FALSE,,,,FALSE
49279,Xmas_Tree_Hat,Legendary,,FALSE,FALSE,Christmas,2021,,FALSE
32896,Mrs_Claus_Hat,Legendary,,FALSE,FALSE,Christmas,2021,,FALSE
16515,Tractor_Hat,Rare,,FALSE,FALSE,Christmas,2021,,FALSE
132,Farmers_Hat,Rare,,FALSE,FALSE,Christmas,2021,,FALSE
16517,Scruffy,Legendary,,FALSE,FALSE,Birthday,2022,,FALSE
49286,Flower_Hair,Legendary,,FALSE,FALSE,Birthday,2022,,FALSE
135,Fifth_Hat_Alex,Rare,,FALSE,FALSE,Birthday,2022,,FALSE
16520,Fifth_Hat_Chang,Rare,,FALSE,FALSE,Birthday,2022,,FALSE
32905,Fifth_Hat_Lisa,Rare,,FALSE,FALSE,Birthday,2022,,FALSE
49290,Fifth_Hat_Rachel,Rare,,FALSE,FALSE,Birthday,2022,,FALSE
65675,Fifth_Hat_Hans,Rare,,FALSE,FALSE,Birthday,2022,,FALSE
82060,Fifth_Hat_Nina,Rare,,FALSE,TRUE,Birthday,2022,,FALSE
82061,Horn,Legendary,,FALSE,TRUE,Summer,2022,,FALSE
65678,Plague_Hat,Legendary,,FALSE,TRUE,Summer,2022,,FALSE
1025,Black_Square_Glasses,Uncommon,,TRUE,FALSE,,,,FALSE
33794,Blue_Halfmoon_Glasses,Uncommon,,TRUE,FALSE,,,,FALSE
1027,Bronze_Sunglasses,Uncommon,,FALSE,TRUE,,,1,FALSE
17411,Bronze_Sunglasses,Uncommon,,FALSE,TRUE,,,1,FALSE
33795,Bronze_Sunglasses,Uncommon,,FALSE,TRUE,,,1,FALSE
50179,Bronze_Sunglasses,Uncommon,,FALSE,TRUE,,,1,FALSE
66563,Bronze_Sunglasses,Uncommon,,FALSE,TRUE,,,1,FALSE
82947,Bronze_Sunglasses,Uncommon,,FALSE,TRUE,,,1,FALSE
1028,Bunny_Teeth,Uncommon,,FALSE,FALSE,Easter,2020,,TRUE
17412,Bunny_Teeth,Uncommon,,FALSE,FALSE,Easter,2020,,TRUE
33796,Bunny_Teeth,Uncommon,,FALSE,FALSE,Easter,2020,,TRUE
50180,Bunny_Teeth,Uncommon,,FALSE,FALSE,Easter,2020,,TRUE
66564,Bunny_Teeth,Uncommon,,FALSE,FALSE,Easter,2020,,TRUE
82948,Bunny_Teeth,Uncommon,,FALSE,FALSE,Easter,2020,,TRUE
1029,Disguise_Mask,Legendary,,FALSE,TRUE,Halloween,2018,,FALSE
17413,Disguise_Mask,Legendary,,FALSE,TRUE,Halloween,2018,,FALSE
33797,Disguise_Mask,Legendary,,FALSE,TRUE,Halloween,2018,,FALSE
50181,Disguise_Mask,Legendary,,FALSE,TRUE,Halloween,2018,,FALSE
66565,Disguise_Mask,Legendary,,FALSE,TRUE,Halloween,2018,,FALSE
82949,Disguise_Mask,Legendary,,FALSE,TRUE,Halloween,2018,,FALSE
1030,Gold_Sunglasses,Legendary,,FALSE,TRUE,,,3,FALSE
17414,Gold_Sunglasses,Legendary,,FALSE,TRUE,,,3,FALSE
33798,Gold_Sunglasses,Legendary,,FALSE,TRUE,,,3,FALSE
50182,Gold_Sunglasses,Legendary,,FALSE,TRUE,,,3,FALSE
66566,Gold_Sunglasses,Legendary,,FALSE,TRUE,,,3,FALSE
82950,Gold_Sunglasses,Legendary,,FALSE,TRUE,,,3,FALSE
17415,Green_Square_Sunglasses,Uncommon,,TRUE,FALSE,,,,FALSE
17416,Hockey_Mask,Rare,,FALSE,FALSE,Halloween,2016,,TRUE
1033,None,Common,TRUE,TRUE,FALSE,,,,FALSE
17417,None,Common,TRUE,TRUE,FALSE,,,,FALSE
33801,None,Common,TRUE,TRUE,FALSE,,,,FALSE
50185,None,Common,TRUE,TRUE,FALSE,,,,FALSE
66569,None,Common,TRUE,TRUE,FALSE,,,,FALSE
82953,None,Common,TRUE,TRUE,FALSE,,,,FALSE
1034,Pumpkin_Mask,Rare,,FALSE,FALSE,Halloween,2016,,TRUE
1035,Silver_Sunglasses,Rare,,FALSE,TRUE,,,2,FALSE
17419,Silver_Sunglasses,Rare,,FALSE,TRUE,,,2,FALSE
33803,Silver_Sunglasses,Rare,,FALSE,TRUE,,,2,FALSE
50187,Silver_Sunglasses,Rare,,FALSE,TRUE,,,2,FALSE
66571,Silver_Sunglasses,Rare,,FALSE,TRUE,,,2,FALSE
82955,Silver_Sunglasses,Rare,,FALSE,TRUE,,,2,FALSE
66572,Surgical_Mask,Rare,,TRUE,FALSE,,,,FALSE
1036,Surgical_Mask,Rare,,FALSE,FALSE,,,,TRUE
17420,Surgical_Mask,Rare,,FALSE,FALSE,,,,TRUE
33804,Surgical_Mask,Rare,,FALSE,FALSE,,,,TRUE
50188,Surgical_Mask,Rare,,FALSE,FALSE,,,,TRUE
82956,Surgical_Mask,Rare,,FALSE,FALSE,,,,TRUE
66573,Thermometer,Uncommon,,FALSE,FALSE,Christmas,2019,,TRUE
17422,Toothpick,Uncommon,,TRUE,FALSE,,,,FALSE
1038,Toothpick,Uncommon,,FALSE,FALSE,,,,TRUE
33806,Toothpick,Uncommon,,FALSE,FALSE,,,,TRUE
50190,Toothpick,Uncommon,,FALSE,FALSE,,,,TRUE
66574,Toothpick,Uncommon,,FALSE,FALSE,,,,TRUE
82958,Toothpick,Uncommon,,FALSE,FALSE,,,,TRUE
17423,Yeti_Mask,Uncommon,,FALSE,FALSE,,,,TRUE
66576,Monocle_Pipe,Legendary,,TRUE,FALSE,,,,FALSE
1041,Bloody_Glasses,Uncommon,,FALSE,FALSE,Halloween,2020,,TRUE
33810,Skull_Mask,Rare,,FALSE,FALSE,Halloween,2020,,TRUE
17427,LED_Glasses,Legendary,,FALSE,FALSE,Christmas,2020,,TRUE
50196,Party_Blower,Rare,,FALSE,FALSE,Christmas,2020,,TRUE
82965,Red_Nose,Uncommon,,FALSE,FALSE,Christmas,2020,,TRUE
1043,LED_Glasses_2,Legendary,,FALSE,FALSE,Christmas,2020,,TRUE
33811,LED_Glasses_3,Legendary,,FALSE,FALSE,Christmas,2020,,TRUE
50195,LED_Glasses_4,Legendary,,FALSE,FALSE,Christmas,2020,,TRUE
66579,LED_Glasses_5,Legendary,,FALSE,FALSE,Christmas,2020,,TRUE
82963,LED_Glasses_6,Legendary,,FALSE,FALSE,Christmas,2020,,TRUE
50198,Bunny_Glasses,Legendary,,FALSE,FALSE,Easter,2021,,TRUE
82967,Bunny_Mask,Legendary,,FALSE,FALSE,Easter,2021,,TRUE
17432,Bird_Mask,Rare,,FALSE,FALSE,Easter,2021,,TRUE
33817,Oval_Sunglasses,Uncommon,,FALSE,FALSE,Summer,2021,,TRUE
66586,Snorkel,Legendary,,FALSE,FALSE,Summer,2021,,TRUE
1051,Cigar,Rare,,FALSE,FALSE,Summer,2021,,TRUE
33820,Witch_Nose,Legendary,,FALSE,FALSE,Halloween,2021,,FALSE
1053,Spider,Rare,,FALSE,FALSE,Halloween,2021,,FALSE
17438,Fangs,Uncommon,,FALSE,FALSE,Halloween,2021,,FALSE
1055,Anon_Mask,Legendary,,TRUE,FALSE,,,,FALSE
33824,Catena,Legendary,,TRUE,FALSE,,,,FALSE
17441,Cigarette,Legendary,,TRUE,FALSE,,,,FALSE
50210,Bull_Ring,Legendary,,TRUE,FALSE,,,,FALSE
66595,Beard,Legendary,,TRUE,FALSE,,,,FALSE
82980,Plaster,Legendary,,TRUE,FALSE,,,,FALSE
1061,Fifth_Glasses_Alex,Rare,,FALSE,FALSE,Birthday,2022,,FALSE
17446,Fifth_Glasses_Chang,Rare,,FALSE,FALSE,Birthday,2022,,FALSE
33831,Fifth_Glasses_Lisa,Rare,,FALSE,FALSE,Birthday,2022,,FALSE
50216,Fifth_Glasses_Rachel,Rare,,FALSE,FALSE,Birthday,2022,,FALSE
66601,Fifth_Glasses_Hans,Rare,,FALSE,TRUE,Birthday,2022,,FALSE
82986,Fifth_Glasses_Nina,Rare,,FALSE,FALSE,Birthday,2022,,FALSE
33835,Jeweled_Mask,Legendary,,FALSE,FALSE,Summer,2022,,FALSE
66604,Plague_Mask,Legendary,,FALSE,FALSE,Summer,2022,,FALSE
17453,Devil_Mask,Legendary,,FALSE,FALSE,Summer,2022,,FALSE
1070,Cat_Mask,Legendary,,FALSE,FALSE,Summer,2022,,FALSE
50223,Fox_Mask,Legendary,,FALSE,FALSE,Summer,2022,,FALSE
82992,Spirit_Mask,Legendary,,FALSE,FALSE,Summer,2022,,FALSE
2049,Bahroo_Scrubs,Uncommon,,FALSE,FALSE,,,,TRUE
18433,Bahroo_Scrubs,Uncommon,,FALSE,FALSE,,,,TRUE
34817,Bahroo_Scrubs,Uncommon,,FALSE,FALSE,,,,TRUE
51201,Bahroo_Scrubs,Uncommon,,FALSE,FALSE,,,,TRUE
67585,Bahroo_Scrubs,Uncommon,,FALSE,FALSE,,,,TRUE
83969,Bahroo_Scrubs,Uncommon,,FALSE,FALSE,,,,TRUE
2050,Bewere_Terror_Tshirt,Uncommon,,FALSE,TRUE,,,,FALSE
18434,Bewere_Terror_Tshirt,Uncommon,,FALSE,TRUE,,,,FALSE
34818,Bewere_Terror_Tshirt,Uncommon,,FALSE,TRUE,,,,FALSE
51202,Bewere_Terror_Tshirt,Uncommon,,FALSE,TRUE,,,,FALSE
67586,Bewere_Terror_Tshirt,Uncommon,,FALSE,TRUE,,,,FALSE
83970,Bewere_Terror_Tshirt,Uncommon,,FALSE,TRUE,,,,FALSE
67587,Black_Suit,Rare,,FALSE,FALSE,,,,TRUE
18436,Black_Tshirt,Uncommon,,TRUE,FALSE,,,,FALSE
2052,Black_Tshirt,Uncommon,,FALSE,FALSE,,,,TRUE
34820,Black_Tshirt,Uncommon,,FALSE,FALSE,,,,TRUE
51204,Black_Tshirt,Uncommon,,FALSE,FALSE,,,,TRUE
67588,Black_Tshirt,Uncommon,,FALSE,FALSE,,,,TRUE
83972,Black_Tshirt,Uncommon,,FALSE,FALSE,,,,TRUE
2053,Blessed,Legendary,,FALSE,FALSE,Halloween,2019,,TRUE
2054,Bloody_Scrubs,Uncommon,,FALSE,FALSE,,,,TRUE
18438,Bloody_Scrubs,Uncommon,,FALSE,FALSE,,,,TRUE
34822,Bloody_Scrubs,Uncommon,,FALSE,FALSE,,,,TRUE
51206,Bloody_Scrubs,Uncommon,,FALSE,FALSE,,,,TRUE
67590,Bloody_Scrubs,Uncommon,,FALSE,FALSE,,,,TRUE
83974,Bloody_Scrubs,Uncommon,,FALSE,FALSE,,,,TRUE
34823,Blue_Tshirt,Uncommon,,TRUE,FALSE,,,,FALSE
2055,Blue_Tshirt,Uncommon,,FALSE,FALSE,,,,TRUE
18439,Blue_Tshirt,Uncommon,,FALSE,FALSE,,,,TRUE
51207,Blue_Tshirt,Uncommon,,FALSE,FALSE,,,,TRUE
67591,Blue_Tshirt,Uncommon,,FALSE,FALSE,,,,TRUE
83975,Blue_Tshirt,Uncommon,,FALSE,FALSE,,,,TRUE
2056,Canada_Tshirt,Uncommon,,FALSE,FALSE,,,,TRUE
18440,Canada_Tshirt,Uncommon,,FALSE,FALSE,,,,TRUE
34824,Canada_Tshirt,Uncommon,,FALSE,FALSE,,,,TRUE
51208,Canada_Tshirt,Uncommon,,FALSE,FALSE,,,,TRUE
67592,Canada_Tshirt,Uncommon,,FALSE,FALSE,,,,TRUE
83976,Canada_Tshirt,Uncommon,,FALSE,FALSE,,,,TRUE
34825,Cat_Scrubs,Uncommon,,TRUE,FALSE,,,,FALSE
2058,China_Tshirt,Uncommon,,FALSE,FALSE,,,,TRUE
18442,China_Tshirt,Uncommon,,FALSE,FALSE,,,,TRUE
34826,China_Tshirt,Uncommon,,FALSE,FALSE,,,,TRUE
51210,China_Tshirt,Uncommon,,FALSE,FALSE,,,,TRUE
67594,China_Tshirt,Uncommon,,FALSE,FALSE,,,,TRUE
83978,China_Tshirt,Uncommon,,FALSE,FALSE,,,,TRUE
67595,Christmas_Jumper,Rare,,FALSE,FALSE,Christmas,2017,,TRUE
18444,Circus_Suit,Legendary,,FALSE,FALSE,Halloween,2019,,TRUE
51213,Cowgirl,Legendary,,FALSE,FALSE,Summer,2020,,TRUE
2062,Dark_Bunny_Tshirt,Uncommon,,FALSE,TRUE,,,,FALSE
18446,Dark_Bunny_Tshirt,Uncommon,,FALSE,TRUE,,,,FALSE
34830,Dark_Bunny_Tshirt,Uncommon,,FALSE,TRUE,,,,FALSE
51214,Dark_Bunny_Tshirt,Uncommon,,FALSE,TRUE,,,,FALSE
67598,Dark_Bunny_Tshirt,Uncommon,,FALSE,TRUE,,,,FALSE
83982,Dark_Bunny_Tshirt,Uncommon,,FALSE,TRUE,,,,FALSE
83983,Day_Of_The_Dead,Legendary,,FALSE,FALSE,Halloween,2019,,TRUE
51216,Demonic,Legendary,,FALSE,FALSE,Halloween,2018,,TRUE
67601,Desert_Scrubs,Uncommon,,TRUE,FALSE,,,,FALSE
18450,Duck_Scrubs,Uncommon,,TRUE,FALSE,,,,FALSE
2067,Easter_Terror_Tshirt,Uncommon,,FALSE,FALSE,Easter,2017,,TRUE
18451,Easter_Terror_Tshirt,Uncommon,,FALSE,FALSE,Easter,2017,,TRUE
34835,Easter_Terror_Tshirt,Uncommon,,FALSE,FALSE,Easter,2017,,TRUE
51219,Easter_Terror_Tshirt,Uncommon,,FALSE,FALSE,Easter,2017,,TRUE
67603,Easter_Terror_Tshirt,Uncommon,,FALSE,FALSE,Easter,2017,,TRUE
83987,Easter_Terror_Tshirt,Uncommon,,FALSE,FALSE,Easter,2017,,TRUE
83988,Eating_Contest,Legendary,,FALSE,FALSE,Easter,2020,,TRUE
2069,Elf_Scrubs,Uncommon,,FALSE,FALSE,Christmas,2016,,TRUE
18453,Elf_Scrubs,Uncommon,,FALSE,FALSE,Christmas,2016,,TRUE
34837,Elf_Scrubs,Uncommon,,FALSE,FALSE,Christmas,2016,,TRUE
51221,Elf_Scrubs,Uncommon,,FALSE,FALSE,Christmas,2016,,TRUE
67606,Flight_Suit,Rare,,TRUE,FALSE,,,,FALSE
67607,Flight_Suit1,Rare,,TRUE,FALSE,,,,FALSE
67608,Flight_Suit2,Rare,,TRUE,FALSE,,,,FALSE
2073,Founders_Scrubs,Uncommon,,FALSE,TRUE,,,,FALSE
18457,Founders_Scrubs,Uncommon,,FALSE,TRUE,,,,FALSE
34841,Founders_Scrubs,Uncommon,,FALSE,TRUE,,,,FALSE
51225,Founders_Scrubs,Uncommon,,FALSE,TRUE,,,,FALSE
2074,France_Tshirt,Uncommon,,FALSE,FALSE,,,,TRUE
18458,France_Tshirt,Uncommon,,FALSE,FALSE,,,,TRUE
34842,France_Tshirt,Uncommon,,FALSE,FALSE,,,,TRUE
51226,France_Tshirt,Uncommon,,FALSE,FALSE,,,,TRUE
67610,France_Tshirt,Uncommon,,FALSE,FALSE,,,,TRUE
83994,France_Tshirt,Uncommon,,FALSE,FALSE,,,,TRUE
2075,Germany_Tshirt,Uncommon,,FALSE,FALSE,,,,TRUE
18459,Germany_Tshirt,Uncommon,,FALSE,FALSE,,,,TRUE
34843,Germany_Tshirt,Uncommon,,FALSE,FALSE,,,,TRUE
51227,Germany_Tshirt,Uncommon,,FALSE,FALSE,,,,TRUE
67611,Germany_Tshirt,Uncommon,,FALSE,FALSE,,,,TRUE
83995,Germany_Tshirt,Uncommon,,FALSE,FALSE,,,,TRUE
51228,Green_Tshirt,Uncommon,,TRUE,FALSE,,,,FALSE
2076,Green_Tshirt,Uncommon,,FALSE,FALSE,,,,TRUE
18460,Green_Tshirt,Uncommon,,FALSE,FALSE,,,,TRUE
34844,Green_Tshirt,Uncommon,,FALSE,FALSE,,,,TRUE
67612,Green_Tshirt,Uncommon,,FALSE,FALSE,,,,TRUE
83996,Green_Tshirt,Uncommon,,FALSE,FALSE,,,,TRUE
51229,Grey_Bunnies_Tshirt,Uncommon,,TRUE,FALSE,,,,FALSE
2077,Grey_Bunnies_Tshirt,Uncommon,,FALSE,FALSE,,,,TRUE
18461,Grey_Bunnies_Tshirt,Uncommon,,FALSE,FALSE,,,,TRUE
34845,Grey_Bunnies_Tshirt,Uncommon,,FALSE,FALSE,,,,TRUE
67613,Grey_Bunnies_Tshirt,Uncommon,,FALSE,FALSE,,,,TRUE
83997,Grey_Bunnies_Tshirt,Uncommon,,FALSE,FALSE,,,,TRUE
34846,Hit_Squad,Legendary,,FALSE,FALSE,Halloween,2019,,TRUE
2079,Hungary_Tshirt,Uncommon,,FALSE,FALSE,,,,TRUE
18463,Hungary_Tshirt,Uncommon,,FALSE,FALSE,,,,TRUE
34847,Hungary_Tshirt,Uncommon,,FALSE,FALSE,,,,TRUE
51231,Hungary_Tshirt,Uncommon,,FALSE,FALSE,,,,TRUE
67615,Hungary_Tshirt,Uncommon,,FALSE,FALSE,,,,TRUE
83999,Hungary_Tshirt,Uncommon,,FALSE,FALSE,,,,TRUE
2080,Infected_Tshirt,Uncommon,,FALSE,TRUE,,,,FALSE
18464,Infected_Tshirt,Uncommon,,FALSE,TRUE,,,,FALSE
34848,Infected_Tshirt,Uncommon,,FALSE,TRUE,,,,FALSE
51232,Infected_Tshirt,Uncommon,,FALSE,TRUE,,,,FALSE
67616,Infected_Tshirt,Uncommon,,FALSE,TRUE,,,,FALSE
84000,Infected_Tshirt,Uncommon,,FALSE,TRUE,,,,FALSE
2081,Japan_Tshirt,Uncommon,,FALSE,FALSE,,,,TRUE
18465,Japan_Tshirt,Uncommon,,FALSE,FALSE,,,,TRUE
34849,Japan_Tshirt,Uncommon,,FALSE,FALSE,,,,TRUE
51233,Japan_Tshirt,Uncommon,,FALSE,FALSE,,,,TRUE
67617,Japan_Tshirt,Uncommon,,FALSE,FALSE,,,,TRUE
84001,Japan_Tshirt,Uncommon,,FALSE,FALSE,,,,TRUE
84002,Kawaii,Rare,,TRUE,FALSE,,,,FALSE
84003,Kawaii_Tshirt,Uncommon,,TRUE,FALSE,,,,FALSE
2083,Kawaii_Tshirt,Uncommon,,FALSE,FALSE,,,,TRUE
18467,Kawaii_Tshirt,Uncommon,,FALSE,FALSE,,,,TRUE
34851,Kawaii_Tshirt,Uncommon,,FALSE,FALSE,,,,TRUE
51235,Kawaii_Tshirt,Uncommon,,FALSE,FALSE,,,,TRUE
67619,Kawaii_Tshirt,Uncommon,,FALSE,FALSE,,,,TRUE
84004,Kawaii1,Rare,,TRUE,FALSE,,,,FALSE
84005,Kawaii2,Rare,,TRUE,FALSE,,,,FALSE
84006,Kitty_Cat,Legendary,,FALSE,FALSE,Halloween,2017,,TRUE
2087,Korea_Tshirt,Uncommon,,FALSE,FALSE,,,,TRUE
18471,Korea_Tshirt,Uncommon,,FALSE,FALSE,,,,TRUE
34855,Korea_Tshirt,Uncommon,,FALSE,FALSE,,,,TRUE
51239,Korea_Tshirt,Uncommon,,FALSE,FALSE,,,,TRUE
67623,Korea_Tshirt,Uncommon,,FALSE,FALSE,,,,TRUE
84007,Korea_Tshirt,Uncommon,,FALSE,FALSE,,,,TRUE
2088,Lean_Scrubs,Uncommon,,FALSE,FALSE,,,,TRUE
18472,Lean_Scrubs,Uncommon,,FALSE,FALSE,,,,TRUE
34856,Lean_Scrubs,Uncommon,,FALSE,FALSE,,,,TRUE
51240,Lean_Scrubs,Uncommon,,FALSE,FALSE,,,,TRUE
67624,Lean_Scrubs,Uncommon,,FALSE,FALSE,,,,TRUE
84008,Lean_Scrubs,Uncommon,,FALSE,FALSE,,,,TRUE
2089,Light_Bunny_Tshirt,Uncommon,,FALSE,TRUE,,,,FALSE
18473,Light_Bunny_Tshirt,Uncommon,,FALSE,TRUE,,,,FALSE
34857,Light_Bunny_Tshirt,Uncommon,,FALSE,TRUE,,,,FALSE
51241,Light_Bunny_Tshirt,Uncommon,,FALSE,TRUE,,,,FALSE
67625,Light_Bunny_Tshirt,Uncommon,,FALSE,TRUE,,,,FALSE
84009,Light_Bunny_Tshirt,Uncommon,,FALSE,TRUE,,,,FALSE
2090,Maragains_Tshirt,Uncommon,,FALSE,FALSE,,,,TRUE
18474,Maragains_Tshirt,Uncommon,,FALSE,FALSE,,,,TRUE
34858,Maragains_Tshirt,Uncommon,,FALSE,FALSE,,,,TRUE
51242,Maragains_Tshirt,Uncommon,,FALSE,FALSE,,,,TRUE
67626,Maragains_Tshirt,Uncommon,,FALSE,FALSE,,,,TRUE
84010,Maragains_Tshirt,Uncommon,,FALSE,FALSE,,,,TRUE
2091,Marla_Scrubs,Uncommon,,FALSE,FALSE,,,,TRUE
18475,Marla_Scrubs,Uncommon,,FALSE,FALSE,,,,TRUE
34859,Marla_Scrubs,Uncommon,,FALSE,FALSE,,,,TRUE
51243,Marla_Scrubs,Uncommon,,FALSE,FALSE,,,,TRUE
67627,Marla_Scrubs,Uncommon,,FALSE,FALSE,,,,TRUE
84011,Marla_Scrubs,Uncommon,,FALSE,FALSE,,,,TRUE
2092,Medical_Scrubs,Uncommon,,TRUE,FALSE,,,,FALSE
2093,Nurse_Scrubs,Uncommon,,TRUE,FALSE,,,,FALSE
2094,Old_Prison_Scrubs,Uncommon,,FALSE,FALSE,,,,TRUE
18478,Old_Prison_Scrubs,Uncommon,,FALSE,FALSE,,,,TRUE
34862,Old_Prison_Scrubs,Uncommon,,FALSE,FALSE,,,,TRUE
51246,Old_Prison_Scrubs,Uncommon,,FALSE,FALSE,,,,TRUE
67630,Old_Prison_Scrubs,Uncommon,,FALSE,FALSE,,,,TRUE
84014,Old_Prison_Scrubs,Uncommon,,FALSE,FALSE,,,,TRUE
18479,On_Bunnys_Shoulders,Legendary,,FALSE,FALSE,Easter,2020,,TRUE
2096,On_Santas_Shoulders,Legendary,,FALSE,FALSE,Christmas,2019,,TRUE
34865,Onsie,Legendary,,FALSE,FALSE,Christmas,2019,,TRUE
84018,Oversized_Hoodie,Legendary,,FALSE,FALSE,Summer,2020,,TRUE
2099,Pastel_Suit,Rare,,FALSE,FALSE,Easter,2020,,TRUE
84020,Pink_Tshirt,Uncommon,,TRUE,FALSE,,,,FALSE
2100,Pink_Tshirt,Uncommon,,FALSE,FALSE,,,,TRUE
18484,Pink_Tshirt,Uncommon,,FALSE,FALSE,,,,TRUE
34868,Pink_Tshirt,Uncommon,,FALSE,FALSE,,,,TRUE
51252,Pink_Tshirt,Uncommon,,FALSE,FALSE,,,,TRUE
67636,Pink_Tshirt,Uncommon,,FALSE,FALSE,,,,TRUE
2101,Poland_Tshirt,Uncommon,,FALSE,FALSE,,,,TRUE
18485,Poland_Tshirt,Uncommon,,FALSE,FALSE,,,,TRUE
34869,Poland_Tshirt,Uncommon,,FALSE,FALSE,,,,TRUE
51253,Poland_Tshirt,Uncommon,,FALSE,FALSE,,,,TRUE
67637,Poland_Tshirt,Uncommon,,FALSE,FALSE,,,,TRUE
84021,Poland_Tshirt,Uncommon,,FALSE,FALSE,,,,TRUE
34870,Police_Uniform,Rare,,TRUE,FALSE,,,,FALSE
34871,Police_Uniform1,Rare,,TRUE,FALSE,,,,FALSE
34872,Police_Uniform2,Rare,,TRUE,FALSE,,,,FALSE
2105,Preppy,Legendary,,FALSE,FALSE,Summer,2020,,TRUE
34874,Present_Box,Legendary,,FALSE,FALSE,Christmas,2017,,TRUE
18491,Prison_Scrubs,Uncommon,,FALSE,FALSE,Halloween,2016,,TRUE
18492,Psych_Scrubs,Uncommon,,TRUE,FALSE,,,,FALSE
2109,Pumpkin_Scrubs,Uncommon,,FALSE,FALSE,Halloween,2016,,TRUE
2110,Pumpkin_Suit,Rare,,FALSE,FALSE,Halloween,2018,,TRUE
84031,Red_Velvet,Legendary,,FALSE,FALSE,Christmas,2019,,TRUE
2112,Red_Winter_Coat,Rare,,FALSE,FALSE,,,,TRUE
18496,Red_Winter_Coat,Rare,,FALSE,FALSE,,,,TRUE
34880,Red_Winter_Coat,Rare,,FALSE,FALSE,,,,TRUE
51264,Red_Winter_Coat,Rare,,FALSE,FALSE,,,,TRUE
67648,Red_Winter_Coat,Rare,,FALSE,FALSE,,,,TRUE
84032,Red_Winter_Coat,Rare,,FALSE,FALSE,,,,TRUE
2113,Russia_Tshirt,Uncommon,,FALSE,FALSE,,,,TRUE
18497,Russia_Tshirt,Uncommon,,FALSE,FALSE,,,,TRUE
34881,Russia_Tshirt,Uncommon,,FALSE,FALSE,,,,TRUE
51265,Russia_Tshirt,Uncommon,,FALSE,FALSE,,,,TRUE
67649,Russia_Tshirt,Uncommon,,FALSE,FALSE,,,,TRUE
84033,Russia_Tshirt,Uncommon,,FALSE,FALSE,,,,TRUE
2114,Santa_Scrubs,Uncommon,,FALSE,FALSE,Christmas,2016,,TRUE
18498,Santa_Scrubs,Uncommon,,FALSE,FALSE,Christmas,2016,,TRUE
34882,Santa_Scrubs,Uncommon,,FALSE,FALSE,Christmas,2016,,TRUE
51266,Santa_Scrubs,Uncommon,,FALSE,FALSE,Christmas,2016,,TRUE
2115,Scrubs,Common,TRUE,TRUE,FALSE,,,,FALSE
18499,Scrubs,Common,TRUE,TRUE,FALSE,,,,FALSE
34883,Scrubs,Common,TRUE,TRUE,FALSE,,,,FALSE
51267,Scrubs,Common,TRUE,TRUE,FALSE,,,,FALSE
67651,Scrubs,Common,TRUE,TRUE,FALSE,,,,FALSE
84035,Scrubs,Common,TRUE,TRUE,FALSE,,,,FALSE
18500,Shirtless,Uncommon,,TRUE,FALSE,,,,FALSE
67653,Sick_Day_Jumper,Rare,,FALSE,FALSE,Christmas,2019,,TRUE
67654,Skeleton,Rare,,FALSE,FALSE,Halloween,2018,,TRUE
84039,Skull_Scrubs,Uncommon,,TRUE,FALSE,,,,FALSE
51272,Smart,Rare,,TRUE,FALSE,,,,FALSE
2121,Smart_Casual,Rare,,TRUE,FALSE,,,,FALSE
2122,Smart_Casual1,Rare,,TRUE,FALSE,,,,FALSE
2123,Smart_Casual2,Rare,,TRUE,FALSE,,,,FALSE
51276,Smart1,Rare,,TRUE,FALSE,,,,FALSE
51277,Smart2,Rare,,TRUE,FALSE,,,,FALSE
2126,Spain_Tshirt,Uncommon,,FALSE,FALSE,,,,TRUE
18510,Spain_Tshirt,Uncommon,,FALSE,FALSE,,,,TRUE
34894,Spain_Tshirt,Uncommon,,FALSE,FALSE,,,,TRUE
51278,Spain_Tshirt,Uncommon,,FALSE,FALSE,,,,TRUE
67662,Spain_Tshirt,Uncommon,,FALSE,FALSE,,,,TRUE
84046,Spain_Tshirt,Uncommon,,FALSE,FALSE,,,,TRUE
51279,Spring_Attire,Legendary,,FALSE,FALSE,Easter,2020,,TRUE
2128,St_Paddy_Suit,Rare,,FALSE,FALSE,St Patrick's,2017,,TRUE
18512,St_Paddy_Suit,Rare,,FALSE,FALSE,St Patrick's,2017,,TRUE
34896,St_Paddy_Suit,Rare,,FALSE,FALSE,St Patrick's,2017,,TRUE
51280,St_Paddy_Suit,Rare,,FALSE,FALSE,St Patrick's,2017,,TRUE
67664,St_Paddy_Suit,Rare,,FALSE,FALSE,St Patrick's,2017,,TRUE
84048,St_Paddy_Suit,Rare,,FALSE,FALSE,St Patrick's,2017,,TRUE
67665,Summer_Flight_Suit,Rare,,FALSE,FALSE,Summer,2020,,TRUE
18514,Summer_Tank,Rare,,FALSE,FALSE,Summer,2020,,TRUE
34899,Surgical_Scrubs,Uncommon,,TRUE,FALSE,,,,FALSE
18516,Tank_Top,Rare,,TRUE,FALSE,,,,FALSE
18517,Tank_Top1,Rare,,TRUE,FALSE,,,,FALSE
18518,Tank_Top2,Rare,,TRUE,FALSE,,,,FALSE
2135,TAvagrace_Tshirt,Uncommon,,FALSE,FALSE,,,,TRUE
18519,TAvagrace_Tshirt,Uncommon,,FALSE,FALSE,,,,TRUE
34903,TAvagrace_Tshirt,Uncommon,,FALSE,FALSE,,,,TRUE
51287,TAvagrace_Tshirt,Uncommon,,FALSE,FALSE,,,,TRUE
67671,TAvagrace_Tshirt,Uncommon,,FALSE,FALSE,,,,TRUE
84055,TAvagrace_Tshirt,Uncommon,,FALSE,FALSE,,,,TRUE
2136,Team_Awesome_Tshirt,Uncommon,,FALSE,FALSE,,,,TRUE
18520,Team_Awesome_Tshirt,Uncommon,,FALSE,FALSE,,,,TRUE
34904,Team_Awesome_Tshirt,Uncommon,,FALSE,FALSE,,,,TRUE
51288,Team_Awesome_Tshirt,Uncommon,,FALSE,FALSE,,,,TRUE
67672,Team_Awesome_Tshirt,Uncommon,,FALSE,FALSE,,,,TRUE
84056,Team_Awesome_Tshirt,Uncommon,,FALSE,FALSE,,,,TRUE
34905,Tennis,Legendary,,FALSE,FALSE,Summer,2020,,TRUE
2138,Thailand_Tshirt,Uncommon,,FALSE,FALSE,,,,TRUE
18522,Thailand_Tshirt,Uncommon,,FALSE,FALSE,,,,TRUE
34906,Thailand_Tshirt,Uncommon,,FALSE,FALSE,,,,TRUE
51290,Thailand_Tshirt,Uncommon,,FALSE,FALSE,,,,TRUE
67674,Thailand_Tshirt,Uncommon,,FALSE,FALSE,,,,TRUE
84058,Thailand_Tshirt,Uncommon,,FALSE,FALSE,,,,TRUE
2139,Turkey_Tshirt,Uncommon,,FALSE,FALSE,,,,TRUE
18523,Turkey_Tshirt,Uncommon,,FALSE,FALSE,,,,TRUE
34907,Turkey_Tshirt,Uncommon,,FALSE,FALSE,,,,TRUE
51291,Turkey_Tshirt,Uncommon,,FALSE,FALSE,,,,TRUE
67675,Turkey_Tshirt,Uncommon,,FALSE,FALSE,,,,TRUE
84059,Turkey_Tshirt,Uncommon,,FALSE,FALSE,,,,TRUE
2140,Twitch_London_Tshirt,Uncommon,,FALSE,TRUE,,,,FALSE
18524,Twitch_London_Tshirt,Uncommon,,FALSE,TRUE,,,,FALSE
34908,Twitch_London_Tshirt,Uncommon,,FALSE,TRUE,,,,FALSE
51292,Twitch_London_Tshirt,Uncommon,,FALSE,TRUE,,,,FALSE
67676,Twitch_London_Tshirt,Uncommon,,FALSE,TRUE,,,,FALSE
84060,Twitch_London_Tshirt,Uncommon,,FALSE,TRUE,,,,FALSE
2141,UK_Tshirt,Uncommon,,FALSE,FALSE,,,,TRUE
18525,UK_Tshirt,Uncommon,,FALSE,FALSE,,,,TRUE
34909,UK_Tshirt,Uncommon,,FALSE,FALSE,,,,TRUE
51293,UK_Tshirt,Uncommon,,FALSE,FALSE,,,,TRUE
67677,UK_Tshirt,Uncommon,,FALSE,FALSE,,,,TRUE
84061,UK_Tshirt,Uncommon,,FALSE,FALSE,,,,TRUE
2142,USA_Tshirt,Uncommon,,FALSE,FALSE,,,,TRUE
18526,USA_Tshirt,Uncommon,,FALSE,FALSE,,,,TRUE
34910,USA_Tshirt,Uncommon,,FALSE,FALSE,,,,TRUE
51294,USA_Tshirt,Uncommon,,FALSE,FALSE,,,,TRUE
67678,USA_Tshirt,Uncommon,,FALSE,FALSE,,,,TRUE
84062,USA_Tshirt,Uncommon,,FALSE,FALSE,,,,TRUE
2143,Werewolf_Tshirt,Uncommon,,FALSE,TRUE,,,,FALSE
18527,Werewolf_Tshirt,Uncommon,,FALSE,TRUE,,,,FALSE
34911,Werewolf_Tshirt,Uncommon,,FALSE,TRUE,,,,FALSE
51295,Werewolf_Tshirt,Uncommon,,FALSE,TRUE,,,,FALSE
67679,Werewolf_Tshirt,Uncommon,,FALSE,TRUE,,,,FALSE
84063,Werewolf_Tshirt,Uncommon,,FALSE,TRUE,,,,FALSE
51296,Wetland_Scrubs,Uncommon,,TRUE,FALSE,,,,FALSE
2145,White_Tshirt,Uncommon,,TRUE,FALSE,,,,FALSE
18529,White_Tshirt,Uncommon,,FALSE,FALSE,,,,TRUE
34913,White_Tshirt,Uncommon,,FALSE,FALSE,,,,TRUE
51297,White_Tshirt,Uncommon,,FALSE,FALSE,,,,TRUE
67681,White_Tshirt,Uncommon,,FALSE,FALSE,,,,TRUE
84065,White_Tshirt,Uncommon,,FALSE,FALSE,,,,TRUE
2146,Woodland_Scrub,Uncommon,,TRUE,FALSE,,,,FALSE
67683,Yellow_Tshirt,Uncommon,,TRUE,FALSE,,,,FALSE
2147,Yellow_Tshirt,Uncommon,,FALSE,FALSE,,,,TRUE
18531,Yellow_Tshirt,Uncommon,,FALSE,FALSE,,,,TRUE
34915,Yellow_Tshirt,Uncommon,,FALSE,FALSE,,,,TRUE
51299,Yellow_Tshirt,Uncommon,,FALSE,FALSE,,,,TRUE
84067,Yellow_Tshirt,Uncommon,,FALSE,FALSE,,,,TRUE
2148,You_Suck_Tshirt,Uncommon,,FALSE,TRUE,,,,FALSE
18532,You_Suck_Tshirt,Uncommon,,FALSE,TRUE,,,,FALSE
34916,You_Suck_Tshirt,Uncommon,,FALSE,TRUE,,,,FALSE
51300,You_Suck_Tshirt,Uncommon,,FALSE,TRUE,,,,FALSE
67684,You_Suck_Tshirt,Uncommon,,FALSE,TRUE,,,,FALSE
84068,You_Suck_Tshirt,Uncommon,,FALSE,TRUE,,,,FALSE
2149,Zhanqi_Red_Scrubs,Uncommon,,FALSE,TRUE,,,,FALSE
18533,Zhanqi_Red_Scrubs,Uncommon,,FALSE,TRUE,,,,FALSE
34917,Zhanqi_Red_Scrubs,Uncommon,,FALSE,TRUE,,,,FALSE
51301,Zhanqi_Red_Scrubs,Uncommon,,FALSE,TRUE,,,,FALSE
67685,Zhanqi_Red_Scrubs,Uncommon,,FALSE,TRUE,,,,FALSE
84069,Zhanqi_Red_Scrubs,Uncommon,,FALSE,TRUE,,,,FALSE
2150,Zhanqi_White_Scrubs,Uncommon,,FALSE,TRUE,,,,FALSE
18534,Zhanqi_White_Scrubs,Uncommon,,FALSE,TRUE,,,,FALSE
34918,Zhanqi_White_Scrubs,Uncommon,,FALSE,TRUE,,,,FALSE
51302,Zhanqi_White_Scrubs,Uncommon,,FALSE,TRUE,,,,FALSE
67686,Zhanqi_White_Scrubs,Uncommon,,FALSE,TRUE,,,,FALSE
84070,Zhanqi_White_Scrubs,Uncommon,,FALSE,TRUE,,,,FALSE
18535,Zombie,Legendary,,FALSE,FALSE,Halloween,2017,,TRUE
2158,Murder_Shirt,Rare,,FALSE,FALSE,Halloween,2020,,TRUE
51311,Mobster,Rare,,FALSE,FALSE,Halloween,2020,,TRUE
67696,Mad_Scientist,Legendary,,FALSE,FALSE,Halloween,2020,,TRUE
18545,Vampire_Hunter,Legendary,,FALSE,FALSE,Halloween,2020,,TRUE
34930,Zombie_Bride,Legendary,,FALSE,FALSE,Halloween,2020,,TRUE
84083,Medusa,Legendary,,FALSE,FALSE,Halloween,2020,,TRUE
2164,Toy_Soldier,Legendary,,FALSE,FALSE,Christmas,2020,,TRUE
18549,Nutcracker,Legendary,,FALSE,FALSE,Christmas,2020,,TRUE
51318,Doll,Legendary,,FALSE,FALSE,Christmas,2020,,TRUE
84087,Clockwork,Legendary,,FALSE,FALSE,Christmas,2020,,TRUE
67705,Rulebreaker,Rare,,FALSE,FALSE,Christmas,2020,,TRUE
34938,Lockdown,Rare,,FALSE,FALSE,Christmas,2020,,TRUE
67707,Diamond_Hans,Legendary,,FALSE,FALSE,Valentines,2021,,TRUE
51324,Love_Tshirt,Uncommon,,FALSE,FALSE,Valentines,2021,,TRUE
2173,Hate_Tshirt,Uncommon,,FALSE,FALSE,Valentines,2021,,TRUE
84094,After_Party_Nina,Rare,,FALSE,FALSE,Birthday,2021,,TRUE
18559,After_Party_Chang,Rare,,FALSE,FALSE,Birthday,2021,,TRUE
51328,Pastel,Rare,,FALSE,FALSE,Easter,2021,,TRUE
2177,Chocolate_Covered,Legendary,,FALSE,FALSE,Easter,2021,,TRUE
67714,Paper_Hans,Rare,,FALSE,FALSE,Easter,2021,,TRUE
84099,Bunny_Onesie,Legendary,,FALSE,FALSE,Easter,2021,,TRUE
34948,Spring_Dress,Legendary,,FALSE,FALSE,Easter,2021,,TRUE
2181,Cobweb_Tshirt,Uncommon,,FALSE,TRUE,,,,FALSE
18565,Cobweb_Tshirt,Uncommon,,FALSE,TRUE,,,,FALSE
34951,Cobweb_Tshirt,Uncommon,,FALSE,TRUE,,,,FALSE
51333,Cobweb_Tshirt,Uncommon,,FALSE,TRUE,,,,FALSE
67717,Cobweb_Tshirt,Uncommon,,FALSE,TRUE,,,,FALSE
84101,Cobweb_Tshirt,Uncommon,,FALSE,TRUE,,,,FALSE
2182,Floral_Shirt,Rare,,FALSE,FALSE,Summer,2021,,TRUE
34952,Desert_Uniform,Rare,,FALSE,FALSE,Summer,2021,,TRUE
51337,Elegant,Rare,,FALSE,FALSE,Summer,2021,,TRUE
84106,Hula_Girl,Legendary,,FALSE,FALSE,Summer,2021,,TRUE
67723,Poolside,Legendary,,FALSE,FALSE,Summer,2021,,TRUE
18572,Macho,Legendary,,FALSE,FALSE,Summer,2021,,TRUE
34957,Witch_Dress,Legendary,,FALSE,FALSE,Halloween,2021,,FALSE
67726,Ghost_Outfit,Legendary,,FALSE,FALSE,Halloween,2021,,FALSE
2191,Zombie_Husband,Legendary,,FALSE,FALSE,Halloween,2021,,FALSE
84112,Mime_Outfit,Legendary,,FALSE,FALSE,Halloween,2021,,FALSE
51345,Jester_Outfit,Legendary,,FALSE,FALSE,Halloween,2021,,FALSE
18578,Demon_Outfit,Legendary,,FALSE,FALSE,Halloween,2021,,FALSE
2195,Hacktivist,Legendary,,TRUE,FALSE,,,,FALSE
34964,Jumpsuit,Legendary,,TRUE,FALSE,,,,FALSE
18581,Casino,Legendary,,TRUE,FALSE,,,,FALSE
51350,Dungarees,Legendary,,TRUE,FALSE,,,,FALSE
67735,Dapper,Legendary,,TRUE,FALSE,,,,FALSE
84120,Gamer_Girl,Legendary,,TRUE,FALSE,,,,FALSE
34969,Mrs_Claus,Legendary,,FALSE,FALSE,Christmas,2021,,FALSE
51354,Xmas_Tree,Legendary,,FALSE,FALSE,Christmas,2021,,FALSE
83989,Elf_Scrubs,Uncommon,,FALSE,FALSE,Christmas,2021,,FALSE
67605,Elf_Scrubs,Uncommon,,FALSE,FALSE,Christmas,2021,,FALSE
18587,Farmer_Tank,Rare,,FALSE,FALSE,Christmas,2021,,FALSE
2204,Smart_Farmer,Rare,,FALSE,FALSE,Christmas,2021,,FALSE
18589,Oversized_Shirt,Legendary,,FALSE,FALSE,Birthday,2022,,FALSE
51358,Spring_Coat,Legendary,,FALSE,FALSE,Birthday,2022,,FALSE
84127,Forest_Sprite,Legendary,,FALSE,FALSE,Summer,2022,,FALSE
51360,Cunning_Fox,Legendary,,FALSE,FALSE,Summer,2022,,FALSE
2209,Dandy_Gent,Legendary,,FALSE,FALSE,Summer,2022,,FALSE
18594,Dashing_Devil,Legendary,,FALSE,FALSE,Summer,2022,,FALSE
67747,Doctor_Death,Legendary,,FALSE,FALSE,Summer,2022,,FALSE
34980,Silver_Siren,Legendary,,FALSE,TRUE,Summer,2022,,FALSE
6145,Arms_Crossed,Common,TRUE,TRUE,FALSE,,,,FALSE
71682,Impressive,Common,TRUE,TRUE,FALSE,,,,FALSE
55299,Be_Quiet,Rare,,FALSE,FALSE,Christmas,2019,,TRUE
88068,Bunny_Love,Uncommon,,FALSE,FALSE,Easter,2020,,FALSE
6149,Cheesy_Smile,Uncommon,,TRUE,FALSE,,,,FALSE
6150,Creature,Uncommon,,FALSE,,,,,TRUE
22534,Creature,Uncommon,,FALSE,,,,,TRUE
38918,Creature,Uncommon,,FALSE,,,,,TRUE
55302,Creature,Uncommon,,FALSE,,,,,TRUE
71686,Creature,Uncommon,,FALSE,,,,,TRUE
88070,Creature,Uncommon,,FALSE,,,,,TRUE
88071,Curtsy,Uncommon,,TRUE,FALSE,,,,FALSE
55304,Dab,Uncommon,,TRUE,FALSE,,,,FALSE
88073,Drop_The_Mic,Rare,,TRUE,FALSE,,,,FALSE
38922,Egg_Juggle,Rare,,FALSE,FALSE,Easter,2020,,TRUE
6155,Eggcellent,Rare,,FALSE,FALSE,Easter,2017,,TRUE
22539,Eggcellent,Rare,,FALSE,FALSE,Easter,2017,,TRUE
38923,Eggcellent,Rare,,FALSE,FALSE,Easter,2017,,TRUE
55307,Eggcellent,Rare,,FALSE,FALSE,Easter,2017,,TRUE
71691,Eggcellent,Rare,,FALSE,FALSE,Easter,2017,,TRUE
88075,Eggcellent,Rare,,FALSE,FALSE,Easter,2017,,TRUE
55308,Eyyyyy,Uncommon,,TRUE,FALSE,,,,FALSE
38925,Finish_Line,Uncommon,,TRUE,FALSE,,,,FALSE
22542,Fist_Pump,Uncommon,,TRUE,FALSE,,,,FALSE
71695,Fix_It,Rare,,TRUE,FALSE,,,,FALSE
38928,Force,Rare,,TRUE,FALSE,,,,FALSE
38929,Get_Lit,Rare,,FALSE,FALSE,Halloween,2018,,TRUE
6162,Glorious,Uncommon,,TRUE,FALSE,,,,FALSE
22547,Good_Morning,Uncommon,,FALSE,FALSE,Summer,2020,,TRUE
38932,Heart,Uncommon,,FALSE,FALSE,Summer,2020,,TRUE
55317,Hench,Uncommon,,TRUE,FALSE,,,,FALSE
55318,High_Five,Uncommon,,TRUE,FALSE,,,,FALSE
22551,Knelt,Rare,,TRUE,FALSE,,,,FALSE
88088,Laugh,Uncommon,,TRUE,FALSE,,,,FALSE
71705,Maverick,Uncommon,,TRUE,FALSE,,,,FALSE
71706,My_Candy,Rare,,FALSE,FALSE,Halloween,2017,,TRUE
55323,Ominous,Rare,,FALSE,FALSE,Halloween,2019,,TRUE
22556,Pistol_Pump,Rare,,TRUE,FALSE,,,,FALSE
88093,Pop_Star,Rare,,TRUE,FALSE,,,,FALSE
38942,Power,Uncommon,,TRUE,FALSE,,,,FALSE
6175,Present_Opening,Legendary,,FALSE,FALSE,Christmas,2017,,TRUE
71712,Pumping_Iron,Uncommon,,TRUE,FALSE,,,,FALSE
71713,Salute,Uncommon,,TRUE,FALSE,,,,FALSE
6178,Selfie,Rare,,TRUE,FALSE,,,,FALSE
38947,Selca,Rare,,TRUE,FALSE,,,,FALSE
55332,Sitting_Thumbs_Up,Common,TRUE,TRUE,FALSE,,,,FALSE
71717,Slap_Off,Uncommon,,TRUE,FALSE,,,,FALSE
38950,Smug,Common,TRUE,TRUE,FALSE,,,,FALSE
88103,Stroll,Common,TRUE,TRUE,FALSE,,,,FALSE
6184,Take_Pic,Rare,,TRUE,FALSE,,,,FALSE
6185,Thriller,Uncommon,,FALSE,,,,,TRUE
22569,Thriller,Uncommon,,FALSE,,,,,TRUE
38953,Thriller,Uncommon,,FALSE,,,,,TRUE
55337,Thriller,Uncommon,,FALSE,,,,,TRUE
71721,Thriller,Uncommon,,FALSE,,,,,TRUE
88105,Thriller,Uncommon,,FALSE,,,,,TRUE
88106,Thumbs_Down,Uncommon,,TRUE,FALSE,,,,FALSE
22571,Wide,Common,TRUE,TRUE,FALSE,,,,FALSE
6188,Thumbs_Up,Uncommon,,FALSE,FALSE,Halloween,2018,,TRUE
22573,Youre_Next,Uncommon,,FALSE,FALSE,Halloween,2020,,TRUE
55342,Fly_Away,Rare,,FALSE,FALSE,Halloween,2020,,TRUE
55343,Feet_Up,Rare,,FALSE,FALSE,Christmas,2020,,TRUE
6192,Cant_See_You,Uncommon,,FALSE,FALSE,Christmas,2020,,TRUE
88113,Finger_Hearts,Uncommon,,FALSE,FALSE,Valentines,2021,,TRUE
71730,Jazz_Hans,Uncommon,,FALSE,FALSE,Birthday,2021,,TRUE
22579,Egg_Hunt,Rare,,FALSE,FALSE,Easter,2021,,TRUE
88116,Bunny,Uncommon,,FALSE,FALSE,Easter,2021,,TRUE
6197,Bubble,Legendary,,FALSE,FALSE,Summer,2021,,TRUE
88118,Proud,Rare,,FALSE,FALSE,Summer,2021,,TRUE
71735,Only_Hans,Legendary,,FALSE,FALSE,Halloween,2021,,FALSE
38968,Kiss_Of_Death,Rare,,FALSE,FALSE,Halloween,2021,,FALSE
22585,Candle_Blow,Rare,,FALSE,FALSE,Birthday,2022,,FALSE
6202,partydance,Legendary,,FALSE,TRUE,Birthday,2022,,FALSE
55355,Quiet_Down,Uncommon,,FALSE,FALSE,Summer,2022,,FALSE
38972,Death,Rare,,FALSE,FALSE,Summer,2022,,FALSE
71741,Ball_Dance,Legendary,,FALSE,TRUE,Summer,2022,,FALSE
56321,Alrighty_Then,Rare,,TRUE,FALSE,,,,FALSE
39938,Anime,Uncommon,,TRUE,FALSE,,,,FALSE
56323,Ashamed,Uncommon,,TRUE,FALSE,,,,FALSE
39940,Backstabbed,Rare,,TRUE,FALSE,,,,FALSE
72709,Brace_For_Impact,Uncommon,,TRUE,FALSE,,,,FALSE
56326,Buried_Alive,Rare,,FALSE,FALSE,Summer,2020,,TRUE
7175,Cat_Got_Your_Tongue,Uncommon,,TRUE,FALSE,,,,FALSE
72712,Choked,Uncommon,,TRUE,FALSE,,,,FALSE
7177,Cracked_Eggs,Rare,,FALSE,FALSE,Easter,2017,,TRUE
23561,Cracked_Eggs,Rare,,FALSE,FALSE,Easter,2017,,TRUE
39945,Cracked_Eggs,Rare,,FALSE,FALSE,Easter,2017,,TRUE
56329,Cracked_Eggs,Rare,,FALSE,FALSE,Easter,2017,,TRUE
72713,Cracked_Eggs,Rare,,FALSE,FALSE,Easter,2017,,TRUE
89097,Cracked_Eggs,Rare,,FALSE,FALSE,Easter,2017,,TRUE
23562,Defeat,Uncommon,,TRUE,FALSE,,,,FALSE
23563,Eating_Carrot,Rare,,FALSE,FALSE,Easter,2020,,FALSE
7180,Frustration,Uncommon,,TRUE,FALSE,,,,FALSE
89101,Game_Rage,Uncommon,,TRUE,FALSE,,,,FALSE
7182,Give_Me_A_Hand,Rare,,FALSE,FALSE,,,,TRUE
23566,Give_Me_A_Hand,Rare,,FALSE,FALSE,,,,TRUE
39950,Give_Me_A_Hand,Rare,,FALSE,FALSE,,,,TRUE
56334,Give_Me_A_Hand,Rare,,FALSE,FALSE,,,,TRUE
72718,Give_Me_A_Hand,Rare,,FALSE,FALSE,,,,TRUE
89102,Give_Me_A_Hand,Rare,,FALSE,FALSE,,,,TRUE
7183,Head_In_Hands,Common,TRUE,TRUE,FALSE,,,,FALSE
72720,Head_In_the_Sand,Rare,,FALSE,FALSE,Summer,2020,,TRUE
23569,Help_Me_Please,Uncommon,,TRUE,FALSE,,,,FALSE
56338,In_a_Tizz,Uncommon,,TRUE,FALSE,,,,FALSE
72723,Injured_Arm,Uncommon,,TRUE,FALSE,,,,FALSE
23572,Knackered,Uncommon,,TRUE,FALSE,,,,FALSE
89109,L_For_Loser,Uncommon,,TRUE,FALSE,,,,FALSE
23574,Noooo,Common,TRUE,TRUE,FALSE,,,,FALSE
72727,Not_Normal,Uncommon,,TRUE,FALSE,,,,FALSE
23576,Passed_Out,Uncommon,,FALSE,FALSE,Christmas,2019,,TRUE
72729,Possessed,Rare,,FALSE,FALSE,Halloween,2019,,TRUE
56346,Roulette,Common,TRUE,TRUE,FALSE,,,,FALSE
7195,Run,Uncommon,,TRUE,FALSE,,,,FALSE
56348,Sacrificed,Rare,,FALSE,FALSE,Halloween,2018,,TRUE
39965,Sad,Common,TRUE,TRUE,FALSE,,,,FALSE
56350,Seppuku,Rare,,TRUE,FALSE,,,,FALSE
7199,Shin_Kick,Uncommon,,TRUE,FALSE,,,,FALSE
89120,Smashed,Rare,,FALSE,FALSE,Halloween,2018,,TRUE
39969,Spare_Me,Uncommon,,TRUE,FALSE,,,,FALSE
7202,Stabbed,Rare,,FALSE,FALSE,,,,TRUE
23586,Stabbed,Rare,,FALSE,FALSE,,,,TRUE
39970,Stabbed,Rare,,FALSE,FALSE,,,,TRUE
56354,Stabbed,Rare,,FALSE,FALSE,,,,TRUE
72738,Stabbed,Rare,,FALSE,FALSE,,,,TRUE
89122,Stabbed,Rare,,FALSE,FALSE,,,,TRUE
39971,Stressed,Uncommon,,TRUE,FALSE,,,,FALSE
72740,Stunned,Common,TRUE,TRUE,FALSE,,,,FALSE
89125,Sulking,Uncommon,,TRUE,FALSE,,,,FALSE
89126,Swoon,Uncommon,,TRUE,FALSE,,,,FALSE
89127,Talk_To_The_Hand,Uncommon,,TRUE,FALSE,,,,FALSE
89128,Tangled,Rare,,FALSE,FALSE,Christmas,2017,,TRUE
56361,Too_Greedy,Legendary,,FALSE,FALSE,Halloween,2017,,TRUE
72746,Too_Much_Chocolate,Uncommon,,FALSE,FALSE,Easter,2020,,TRUE
72747,Too_Old_For_This,Uncommon,,TRUE,FALSE,,,,FALSE
23596,Tranqued,Rare,,TRUE,FALSE,,,,FALSE
89133,Turn_Away,Common,TRUE,TRUE,FALSE,,,,FALSE
89134,Backwards_Crab,Uncommon,,FALSE,FALSE,Halloween,2020,,TRUE
7215,Grave,Rare,,FALSE,FALSE,Halloween,2020,,TRUE
72752,Stuck,Rare,,FALSE,FALSE,Christmas,2020,,TRUE
39985,Pray,Uncommon,,FALSE,FALSE,Christmas,2020,,TRUE
23602,Heart_Broken,Uncommon,,FALSE,FALSE,Valentines,2021,,TRUE
56371,Antigravity,Rare,,FALSE,FALSE,Birthday,2021,,TRUE
56372,Play_Dead,Uncommon,,FALSE,FALSE,Easter,2021,,TRUE
7221,Mistakes_Were_Made,Uncommon,,FALSE,FALSE,Easter,2021,,TRUE
39990,Quick_Sand,Legendary,,FALSE,FALSE,Summer,2021,,TRUE
72759,Dropped,Rare,,FALSE,FALSE,Summer,2021,,TRUE
89144,Mime_Pose,Legendary,,FALSE,FALSE,Halloween,2021,,FALSE
7225,Coffin_Pose,Rare,,FALSE,FALSE,Halloween,2021,,FALSE
72762,droppedcake,Rare,,FALSE,TRUE,Birthday,2022,,FALSE
89147,Its_My_Party,Legendary,,FALSE,FALSE,Birthday,2022,,FALSE
23612,Masked,Uncommon,,FALSE,FALSE,Summer,2022,,FALSE
7229,Red_Rose,Rare,,FALSE,FALSE,Summer,2022,,FALSE
89150,Faint,Legendary,,FALSE,FALSE,Summer,2022,,FALSE
107521,Experiment,Common,TRUE,TRUE,FALSE,,,,FALSE
107522,Forest,Uncommon,,TRUE,FALSE,,,,FALSE
107523,Pale,Uncommon,,TRUE,FALSE,,,,FALSE
107524,Dark,Uncommon,,TRUE,FALSE,,,,FALSE
107525,Reindeer,Rare,,FALSE,TRUE,Christmas,2016,,FALSE
107526,Bunny,Rare,,FALSE,TRUE,Easter,2017,,FALSE
107527,Demon,Legendary,,FALSE,TRUE,Halloween,2017,,FALSE
107528,Clown,Legendary,,FALSE,TRUE,Christmas,2016,,FALSE
123913,Yeti,Common,TRUE,TRUE,FALSE,,,,FALSE
123914,Grump,Uncommon,,TRUE,FALSE,,,,FALSE
123915,Beastial,Uncommon,,TRUE,FALSE,,,,FALSE
123916,Orangutan,Uncommon,,TRUE,FALSE,,,,FALSE
123917,Mandrill,Rare,,TRUE,FALSE,,,,FALSE
123918,War_Paint,Rare,,TRUE,FALSE,,,,FALSE
123919,Imposter_Bunny,Rare,,FALSE,TRUE,Easter,2020,,FALSE
123920,Snowman,Rare,,FALSE,TRUE,Christmas,2017,,FALSE
123921,Foil_Bunny,Legendary,,FALSE,TRUE,Easter,2020,,FALSE
140306,Werewolf,Common,TRUE,TRUE,FALSE,,,,FALSE
140307,Labrador,Uncommon,,TRUE,FALSE,,,,FALSE
140308,Snow_Mountain,Uncommon,,TRUE,FALSE,,,,FALSE
140309,Hyena,Rare,,TRUE,FALSE,,,,FALSE
140310,Poodle,Rare,,TRUE,FALSE,,,,FALSE
140311,Foxy,Rare,,TRUE,FALSE,,,,FALSE
140312,Krampus,Legendary,,FALSE,TRUE,Christmas,2019,,FALSE
156697,Vampire,Common,TRUE,TRUE,FALSE,,,,FALSE
156698,Ghoul,Uncommon,,TRUE,FALSE,,,,FALSE
156699,Lemonade,Uncommon,,TRUE,FALSE,,,,FALSE
156700,Sparkles,Uncommon,,TRUE,FALSE,,,,FALSE
156701,Glampire,Legendary,,FALSE,TRUE,Halloween,2019,,FALSE
156702,Lifeguard,Legendary,,FALSE,FALSE,Summer,2020,,FALSE
140319,Unchained,Legendary,,FALSE,FALSE,Halloween,2020,,FALSE
156704,Nightmare,Rare,,FALSE,FALSE,Christmas,2020,,FALSE
140321,Meanie,Uncommon,,FALSE,FALSE,Christmas,2020,,FALSE
173090,Spider,Common,TRUE,TRUE,FALSE,,,,FALSE
140323,Heartbreaker,Rare,,FALSE,FALSE,Valentines,2021,,FALSE
123940,Caring,Rare,,FALSE,FALSE,Valentines,2021,,FALSE
107557,Frail,Rare,,FALSE,FALSE,Birthday,2021,,FALSE
156710,Food_Fight,Rare,,FALSE,FALSE,Birthday,2021,,FALSE
173095,Easter_Pattern,Rare,,FALSE,FALSE,Easter,2021,,FALSE
140328,Chick,Rare,,FALSE,FALSE,Easter,2021,,FALSE
107561,Chocolate_Bunny,Rare,,FALSE,FALSE,Easter,2021,,FALSE
173098,Hero,Rare,,TRUE,FALSE,,,,FALSE
173099,Black_Widow,Rare,,TRUE,FALSE,,,,FALSE
173100,Peacock,Legendary,,TRUE,FALSE,,,,FALSE
173101,Rainbow,Legendary,,FALSE,TRUE,,,,FALSE
107566,Crustacean,Uncommon,,FALSE,FALSE,Summer,2021,,FALSE
173103,Wasp,Rare,,FALSE,FALSE,Summer,2021,,FALSE
123952,Aquatic,Legendary,,FALSE,FALSE,Summer,2021,,FALSE
156719,Lord,Legendary,,FALSE,FALSE,Halloween,2021,,FALSE
173104,Human_Spider,Rare,,FALSE,FALSE,Halloween,2021,,FALSE
107569,Slime_Exp,Uncommon,,FALSE,FALSE,Halloween,2021,,FALSE
107570,Beezlebub,Legendary,,FALSE,TRUE,Halloween,2021,,FALSE
123955,Minotaur,Legendary,,FALSE,FALSE,Birthday,2022,,FALSE
140340,Anubis,Legendary,,FALSE,TRUE,Birthday,2022,,FALSE
140341,Ancient_Anubis,Legendary,,FALSE,TRUE,Birthday,2022,,FALSE
3073,Olive,Common,TRUE,TRUE,FALSE,,,,FALSE
3074,Black,Uncommon,,TRUE,FALSE,,,,FALSE
3075,Pink,Uncommon,,TRUE,FALSE,,,,FALSE
3076,Yellow,Uncommon,,TRUE,FALSE,,,,FALSE
3077,Green,Uncommon,,TRUE,FALSE,,,,FALSE
3078,Red,Uncommon,,TRUE,FALSE,,,,FALSE
3079,Blue,Uncommon,,TRUE,FALSE,,,,FALSE
3080,Desert,Uncommon,,TRUE,FALSE,,,,FALSE
3081,Wetland,Uncommon,,TRUE,FALSE,,,,FALSE
3082,Woodland,Uncommon,,TRUE,FALSE,,,,FALSE
3083,Carbon_Fiber,Uncommon,,TRUE,FALSE,,,,FALSE
3084,Lizard,Rare,,TRUE,FALSE,,,,FALSE
3085,Toy,Rare,,TRUE,FALSE,,,,FALSE
3086,Rusty,Rare,,TRUE,FALSE,,,,FALSE
3087,Wooden,Rare,,TRUE,FALSE,,,,FALSE
3088,Checkers,Rare,,TRUE,FALSE,,,,FALSE
3089,Alien,Rare,,TRUE,FALSE,,,,FALSE
3090,Terror_Eye,Rare,,FALSE,FALSE,Halloween,2017,,TRUE
3091,Easter_Egg,Rare,,FALSE,FALSE,Easter,2017,,TRUE
3092,Sweets,Rare,,FALSE,FALSE,Halloween,2016,,TRUE
3093,Pumpkin,Rare,,FALSE,FALSE,Halloween,2016,,TRUE
3094,Bone,Rare,,FALSE,FALSE,Halloween,2016,,TRUE
3095,Bunny,Legendary,,FALSE,FALSE,Easter,2020,,TRUE
3096,Pentagram,Rare,,FALSE,FALSE,Halloween,2018,,TRUE
3097,Chocolate,Rare,,FALSE,FALSE,Easter,2020,,TRUE
3098,Candy_Cane,Rare,,FALSE,FALSE,Christmas,2016,,TRUE
3099,Elf,Rare,,FALSE,FALSE,Christmas,2016,,TRUE
3100,Wrapped,Rare,,FALSE,FALSE,Christmas,2017,,TRUE
3101,Wreath,Rare,,FALSE,FALSE,Christmas,2019,,TRUE
3102,Candy,Rare,,FALSE,FALSE,Halloween,2019,,TRUE
3103,Bronze,Uncommon,,FALSE,TRUE,,,1,FALSE
3104,Silver,Rare,,FALSE,TRUE,,,2,FALSE
3105,Gold,Legendary,,FALSE,TRUE,,,3,FALSE
3106,Founder,Rare,,FALSE,TRUE,,,,FALSE
3107,Pearl,Uncommon,,FALSE,FALSE,Summer,2020,,TRUE
3108,Digital_Diver,Rare,,FALSE,FALSE,Summer,2020,,TRUE
3109,Analog_Diver,Legendary,,FALSE,FALSE,Summer,2020,,TRUE
3110,Stone,Uncommon,,FALSE,FALSE,Halloween,2020,,TRUE
3111,Mummified,Rare,,FALSE,FALSE,Halloween,2020,,TRUE
3112,Ghostly,Legendary,,FALSE,FALSE,Halloween,2020,,TRUE
3113,Smart,Legendary,,FALSE,FALSE,Christmas,2020,,TRUE
3114,Santa,Rare,,FALSE,FALSE,Christmas,2020,,TRUE
3115,Snow,Uncommon,,FALSE,FALSE,Christmas,2020,,TRUE
3116,Heart,Rare,,FALSE,FALSE,Valentines,2021,,TRUE
3117,Broken_Heart,Rare,,FALSE,FALSE,Valentines,2021,,TRUE
3118,Rewind,Rare,,FALSE,FALSE,Birthday,2021,,TRUE
3119,Holy,Legendary,,FALSE,FALSE,Easter,2021,,TRUE
3120,Furry,Rare,,FALSE,FALSE,Easter,2021,,TRUE
3121,Flower_Power,Rare,,FALSE,FALSE,Easter,2021,,TRUE
3122,Ice_Lolly,Uncommon,,FALSE,FALSE,Summer,2021,,TRUE
3123,Sand,Rare,,FALSE,FALSE,Summer,2021,,TRUE
3124,Compass,Legendary,,FALSE,FALSE,Summer,2021,,TRUE
3125,Gothic,Legendary,,FALSE,FALSE,Halloween,2021,,FALSE
3126,Radar,Rare,,FALSE,FALSE,Halloween,2021,,FALSE
3127,Blood_Red,Uncommon,,FALSE,FALSE,Halloween,2021,,FALSE
3128,Silicone,Legendary,,TRUE,FALSE,,,,FALSE
3130,Patient,Legendary,,TRUE,FALSE,,,,FALSE
3131,Carrot,Rare,,FALSE,FALSE,Christmas,2021,,FALSE
3132,Rubber,Uncommon,,FALSE,FALSE,Christmas,2021,,FALSE
3133,Funky,Uncommon,,FALSE,FALSE,Birthday,2022,,FALSE
3134,Doughnut,Rare,,FALSE,TRUE,Birthday,2022,,FALSE
4097,Tan,Uncommon,,TRUE,FALSE,,,,FALSE
4098,Olive,Common,TRUE,TRUE,FALSE,,,,FALSE
4099,Woodland,Uncommon,,TRUE,FALSE,,,,FALSE
4100,Hunter,Uncommon,,TRUE,FALSE,,,,FALSE
4101,Tiger,Uncommon,,TRUE,FALSE,,,,FALSE
4102,Digital_Blue,Uncommon,,TRUE,FALSE,,,,FALSE
4103,Urban_Pink,Uncommon,,TRUE,FALSE,,,,FALSE
4104,Urban_Red,Uncommon,,TRUE,FALSE,,,,FALSE
4105,Blackout,Uncommon,,TRUE,FALSE,,,,FALSE
4106,Carbon_Fiber,Uncommon,,TRUE,FALSE,,,,FALSE
4107,Menace,Uncommon,,TRUE,FALSE,,,,FALSE
4108,Sheen,Rare,,TRUE,FALSE,,,,FALSE
4109,Shirly,Rare,,TRUE,FALSE,,,,FALSE
4110,Safari,Rare,,TRUE,FALSE,,,,FALSE
4111,Rusty,Rare,,TRUE,FALSE,,,,FALSE
4112,Rosie,Rare,,TRUE,FALSE,,,,FALSE
4113,Wooden,Rare,,TRUE,FALSE,,,,FALSE
4114,Chocolate,Rare,,FALSE,FALSE,Easter,2017,,TRUE
4115,Bone,Rare,,FALSE,FALSE,Halloween,2016,,TRUE
4116,Pumpkin,Rare,,FALSE,FALSE,Halloween,2016,,TRUE
4117,Sweets,Uncommon,,FALSE,FALSE,Halloween,2016,,TRUE
4118,Candy_Cane,Uncommon,,FALSE,FALSE,Christmas,2016,,TRUE
4119,Elf,Uncommon,,FALSE,FALSE,Christmas,2016,,TRUE
4120,Sweet_Skull,Uncommon,,FALSE,FALSE,Halloween,2018,,TRUE
4121,Easter_Wrap,Rare,,FALSE,FALSE,Easter,2020,,TRUE
4122,Candle,Rare,,FALSE,FALSE,Christmas,2019,,TRUE
4123,Relic,Rare,,FALSE,FALSE,Halloween,2019,,TRUE
4124,Water_Pistol,Rare,,FALSE,FALSE,Christmas,2017,,TRUE
4125,Terror_Flesh,Rare,,FALSE,FALSE,Halloween,2017,,TRUE
4126,Eggshell,Rare,,FALSE,FALSE,Easter,2020,,TRUE
4127,Bronze,Uncommon,,FALSE,TRUE,,,1,FALSE
4128,Silver,Rare,,FALSE,TRUE,,,2,FALSE
4129,Gold,Legendary,,FALSE,TRUE,,,3,FALSE
4130,Founders,Rare,,FALSE,TRUE,,,,FALSE
4131,Freedom,Uncommon,,FALSE,FALSE,,,,TRUE
4132,BlasDeLezo,Uncommon,,FALSE,FALSE,,,,TRUE
4133,Lucky_Shot,Uncommon,,FALSE,FALSE,St Patrick's,2017,,TRUE
4134,Jack,Uncommon,,FALSE,FALSE,,,,TRUE
4135,SchwarzRotGold,Uncommon,,FALSE,FALSE,,,,TRUE
4136,Hinomaru,Uncommon,,FALSE,FALSE,,,,TRUE
4137,Thailand,Uncommon,,FALSE,FALSE,,,,TRUE
4138,Federation,Uncommon,,FALSE,FALSE,,,,TRUE
4139,Hungary,Uncommon,,FALSE,FALSE,,,,TRUE
4140,France,Uncommon,,FALSE,FALSE,,,,TRUE
4141,Turkey,Uncommon,,FALSE,FALSE,,,,TRUE
4142,Five_Star,Uncommon,,FALSE,FALSE,,,,TRUE
4143,RoK,Uncommon,,FALSE,FALSE,,,,TRUE
4144,Mills_PPQ,Rare,,FALSE,TRUE,,,,FALSE
4145,Bubble_Wrap,Uncommon,,FALSE,FALSE,Summer,2020,,TRUE
4146,Shrimp,Rare,,FALSE,FALSE,Summer,2020,,TRUE
4147,Coconut,Legendary,,FALSE,FALSE,Summer,2020,,TRUE
4148,Stone,Uncommon,,FALSE,FALSE,Halloween,2020,,TRUE
4149,Pumpkin_Skin,Rare,,FALSE,FALSE,Halloween,2020,,TRUE
4150,Foam_Shot,Legendary,,FALSE,FALSE,Christmas,2020,,TRUE
4151,Coal,Rare,,FALSE,FALSE,Christmas,2020,,TRUE
4152,Snow_Camo,Uncommon,,FALSE,FALSE,Christmas,2020,,TRUE
4153,Love_Gun,Rare,,FALSE,FALSE,Valentines,2021,,TRUE
4154,Hate_List,Rare,,FALSE,FALSE,Valentines,2021,,TRUE
4155,Cake,Rare,,FALSE,FALSE,Birthday,2021,,TRUE
4156,Furry_Pistol,Rare,,FALSE,FALSE,Easter,2021,,TRUE
4157,Chicky,Uncommon,,FALSE,FALSE,Easter,2021,,TRUE
4158,Flower_Power_Pistol,Rare,,FALSE,FALSE,Easter,2021,,TRUE
4159,Flintlock,Legendary,,TRUE,FALSE,,,,FALSE
4160,Watermelon,Uncommon,,FALSE,FALSE,Summer,2021,,TRUE
4161,Beach,Rare,,FALSE,FALSE,Summer,2021,,TRUE
4162,Jade,Legendary,,FALSE,FALSE,Summer,2021,,TRUE
4163,Slime_Pistol,Legendary,,FALSE,FALSE,Halloween,2021,,FALSE
4164,Galaxy,Rare,,FALSE,FALSE,Halloween,2021,,FALSE
4165,Cartoon,Uncommon,,FALSE,FALSE,Halloween,2021,,FALSE
4166,Wrapped,Legendary,,FALSE,FALSE,Christmas,2021,,FALSE
4167,Rubber,Uncommon,,FALSE,FALSE,Christmas,2021,,FALSE
4168,Doughnut_Pistol,Rare,,FALSE,FALSE,Birthday,2022,,FALSE
4169,Tactical,Legendary,,FALSE,FALSE,Birthday,2022,,FALSE
4170,Porcelain,Rare,,FALSE,FALSE,Summer,2022,,FALSE
5121,Combat_Knife,Common,TRUE,TRUE,FALSE,,,,FALSE
5122,Poison_Tip,Uncommon,,TRUE,FALSE,,,,FALSE
5123,Screwdriver,Uncommon,,TRUE,FALSE,,,,FALSE
5124,Thin_Paintbrush,Uncommon,,TRUE,FALSE,,,,FALSE
5125,Ruler,Uncommon,,TRUE,FALSE,,,,FALSE
5126,Wrench,Uncommon,,TRUE,FALSE,,,,FALSE
5127,Mug,Uncommon,,TRUE,FALSE,,,,FALSE
5128,Tonfa,Uncommon,,TRUE,FALSE,,,,FALSE
5129,Monopod,Uncommon,,TRUE,FALSE,,,,FALSE
5130,Spoon,Uncommon,,TRUE,FALSE,,,,FALSE
5131,Burrito,Legendary,,TRUE,FALSE,,,,FALSE
5132,Banana,Rare,,TRUE,FALSE,,,,FALSE
5133,Microphone,Rare,,TRUE,FALSE,,,,FALSE
5134,Deerhorn,Rare,,TRUE,FALSE,,,,FALSE
5135,Icicle,Rare,,FALSE,FALSE,Christmas,2017,,TRUE
5136,Bone_Knife,Uncommon,,FALSE,FALSE,Halloween,2016,,TRUE
5137,Pumpkin_Knife,Uncommon,,FALSE,FALSE,Halloween,2016,,TRUE
5138,Elf_Knife,Uncommon,,FALSE,FALSE,Christmas,2016,,TRUE
5139,Carrot,Rare,,FALSE,FALSE,Easter,2017,,TRUE
5140,Hatchet,Rare,,FALSE,FALSE,Halloween,2018,,TRUE
5141,Sweet_Knife,Uncommon,,FALSE,FALSE,Halloween,2016,,TRUE
5142,Balloon_Sword,Rare,,FALSE,FALSE,Halloween,2019,,TRUE
5143,Antler,Rare,,FALSE,FALSE,Christmas,2019,,TRUE
5144,Zombie_Arm,Legendary,,FALSE,FALSE,Halloween,2017,,TRUE
5145,Zombie_Foot,Legendary,,FALSE,FALSE,Halloween,2018,,TRUE
5146,Bronze_Knife,Uncommon,,FALSE,TRUE,,,1,FALSE
5147,Silver_Knife,Rare,,FALSE,TRUE,,,2,FALSE
5148,Gold_Knife,Legendary,,FALSE,TRUE,,,3,FALSE
5149,Founders,Rare,,FALSE,TRUE,,,,FALSE
5150,Wakizashi,Legendary,,FALSE,TRUE,,,,FALSE
5151,Machete,Rare,,FALSE,TRUE,,,,FALSE
5152,Stake,Rare,,FALSE,TRUE,,,,FALSE
5153,Candy_Cane,Uncommon,,FALSE,FALSE,Christmas,2016,,TRUE
5154,Wooden_Tonfa,Uncommon,,FALSE,FALSE,,,,TRUE
5155,Tulip,Rare,,FALSE,FALSE,Easter,2020,,TRUE
5156,Kitchen_Knife,Rare,,FALSE,TRUE,,,,FALSE
5157,Terror_Jawbone,Rare,,FALSE,TRUE,,,,FALSE
5158,Foam_Noodle,Uncommon,,FALSE,FALSE,Summer,2020,,TRUE
5159,Maraca,Rare,,FALSE,FALSE,Summer,2020,,TRUE
5160,Lobster_Claw,Legendary,,FALSE,FALSE,Summer,2020,,TRUE
5161,Tazer,Legendary,,TRUE,FALSE,,,,FALSE
5162,Iron,Legendary,,TRUE,FALSE,,,,FALSE
5163,Bone,Uncommon,,FALSE,FALSE,Halloween,2020,,TRUE
5164,Cricket_Bat,Rare,,FALSE,FALSE,Halloween,2020,,TRUE
5165,Voodoo_Doll,Legendary,,FALSE,FALSE,Halloween,2020,,TRUE
5166,Bell,Legendary,,FALSE,FALSE,Christmas,2020,,TRUE
5167,Cracker,Rare,,FALSE,FALSE,Christmas,2020,,TRUE
5168,Wine_Bottle,Uncommon,,FALSE,FALSE,Christmas,2020,,TRUE
5169,Rose,Legendary,,FALSE,FALSE,Valentines,2021,,TRUE
5170,Dead_Rose,Legendary,,FALSE,FALSE,Valentines,2021,,TRUE
5171,Rubber,Uncommon,,FALSE,FALSE,Birthday,2021,,TRUE
5172,Chocolate,Uncommon,,FALSE,FALSE,Easter,2021,,TRUE
5173,Rubber_Chicken,Legendary,,FALSE,FALSE,Easter,2021,,TRUE
5174,Chocolate_Bunny_Knife,Rare,,FALSE,FALSE,Easter,2021,,TRUE
5175,Newspaper,Rare,,FALSE,TRUE,,,,FALSE
5176,Cutlass,Legendary,,FALSE,FALSE,Summer,2021,,TRUE
5177,Karambit,Rare,,FALSE,FALSE,Summer,2021,,TRUE
5178,Ice_Cream,Uncommon,,FALSE,FALSE,Summer,2021,,TRUE
5179,Snake,Legendary,,FALSE,FALSE,Halloween,2021,,FALSE
5180,Baseball_Bat,Rare,,FALSE,FALSE,Halloween,2021,,FALSE
5181,Sickle,Uncommon,,FALSE,FALSE,Halloween,2021,,FALSE
5182,Toy,Legendary,,FALSE,TRUE,Christmas,2021,,FALSE
5183,Candy_Cane_Stick,Rare,,FALSE,FALSE,Christmas,2021,,FALSE
5184,Glowstick,Uncommon,,FALSE,FALSE,Birthday,2022,,FALSE
5185,Butterfly_Knife,Legendary,,FALSE,FALSE,Birthday,2022,,FALSE
5186,Masquerade_Cane,Rare,,FALSE,FALSE,Summer,2022,,FALSE
8193,Deceit_Logo,Common,TRUE,TRUE,FALSE,,,,FALSE
8194,Escape,Common,TRUE,TRUE,FALSE,,,,FALSE
8195,Game_Master_Logo,Common,TRUE,TRUE,FALSE,,,,FALSE
8196,Infected,Common,TRUE,TRUE,FALSE,,,,FALSE
8197,Innocent,Common,TRUE,TRUE,FALSE,,,,FALSE
8198,Confusion,Common,,TRUE,FALSE,,,,FALSE
8199,Lucky,Common,,TRUE,FALSE,,,,FALSE
8200,Body_Outline,Common,,TRUE,FALSE,,,,FALSE
8201,Nope,Common,,TRUE,FALSE,,,,FALSE
8202,Power_Up,Common,,TRUE,FALSE,,,,FALSE
8203,Born_Different,Common,,TRUE,FALSE,,,,FALSE
8204,Blood_Bag,Common,,TRUE,FALSE,,,,FALSE
8205,Charged_Up,Common,,TRUE,FALSE,,,,FALSE
8206,Ammo,Common,,TRUE,FALSE,,,,FALSE
8207,Game_Face,Common,,TRUE,FALSE,,,,FALSE
8208,Rabbit_Jump,Common,,TRUE,FALSE,,,,FALSE
8209,Pentagram,Common,,TRUE,FALSE,,,,FALSE
8210,Punk,Common,,TRUE,FALSE,,,,FALSE
8211,Beetle,Common,,TRUE,FALSE,,,,FALSE
8212,Moth,Common,,TRUE,FALSE,,,,FALSE
8213,Crow,Common,,TRUE,FALSE,,,,FALSE
8214,Smash,Common,,TRUE,FALSE,,,,FALSE
8215,Zombie,Common,,TRUE,FALSE,,,,FALSE
8216,Racks,Common,,TRUE,FALSE,,,,FALSE
8217,Chuck,Common,,TRUE,FALSE,,,,FALSE
8218,Shift,Common,,TRUE,FALSE,,,,FALSE
8219,Splat,Common,,TRUE,FALSE,,,,FALSE
8220,Salty,Common,,TRUE,FALSE,,,,FALSE
8221,Rep_Is_Love,Common,,TRUE,FALSE,,,,FALSE
8222,This_Way,Common,,TRUE,FALSE,,,,FALSE
8223,Trap,Common,,TRUE,FALSE,,,,FALSE
8224,Screen_Star,Common,,TRUE,FALSE,,,,FALSE
8225,Feign_Notes,Common,,TRUE,FALSE,,,,FALSE
8226,Wakizashi,Common,,TRUE,FALSE,,,,FALSE
8227,Lies,Common,,TRUE,FALSE,,,,FALSE
8228,Vote,Common,,TRUE,FALSE,,,,FALSE
8229,Crabby,Common,,FALSE,FALSE,Summer,2020,,TRUE
8230,Flamingo,Common,,FALSE,FALSE,Summer,2020,,TRUE
8231,Sun_in_Sunglasses,Common,,FALSE,FALSE,Summer,2020,,TRUE
8232,Lolly_Lick,Common,,FALSE,FALSE,Summer,2020,,TRUE
8233,Lifeguard_Ring,Common,,FALSE,FALSE,Summer,2020,,TRUE
8234,Seagull,Common,,FALSE,FALSE,Summer,2020,,TRUE
8238,Bloody_Hands,Common,,FALSE,FALSE,Halloween,2020,,TRUE
8239,Full_Moon,Common,,FALSE,FALSE,Halloween,2020,,TRUE
8240,Happy_Clown,Common,,FALSE,FALSE,Halloween,2020,,TRUE
8241,Sad_Clown,Common,,FALSE,FALSE,Halloween,2020,,TRUE
8242,Pumpkin,Common,,FALSE,FALSE,Halloween,2020,,TRUE
8243,RIP,Common,,FALSE,FALSE,Halloween,2020,,TRUE
8244,Candy_Cane,Common,,FALSE,FALSE,Christmas,2020,,TRUE
8245,Ho_Ho_Ho,Common,,FALSE,FALSE,Christmas,2020,,TRUE
8246,Innocent_Stocking,Common,,FALSE,FALSE,Christmas,2020,,TRUE
8247,Infected_Stocking,Common,,FALSE,FALSE,Christmas,2020,,TRUE
8248,Christmas_Tree,Common,,FALSE,FALSE,Christmas,2020,,TRUE
8249,Gingerbread_Man,Common,,FALSE,FALSE,Christmas,2020,,TRUE
8250,Kisses,Common,,FALSE,FALSE,Valentines,2021,,TRUE
8251,Love_Potion,Common,,FALSE,FALSE,Valentines,2021,,TRUE
8252,Piece_Of_Cake,Common,,FALSE,FALSE,Birthday,2021,,TRUE
8253,Cracked_Egg,Common,,FALSE,FALSE,Easter,2021,,TRUE
8254,Evil_Chick,Common,,FALSE,FALSE,Easter,2021,,TRUE
8255,Flower_Power,Common,,FALSE,FALSE,Easter,2021,,TRUE
8256,Aviators,Common,,FALSE,FALSE,Summer,2021,,TRUE
8257,Seashell,Common,,FALSE,FALSE,Summer,2021,,TRUE
8258,Watermelon,Common,,FALSE,FALSE,Summer,2021,,TRUE
8259,Angry_Crabby,Common,,FALSE,FALSE,Summer,2021,,TRUE
8260,Heart_In_The_Sand,Common,,FALSE,FALSE,Summer,2021,,TRUE
8261,Smile,Common,,FALSE,FALSE,Halloween,2021,,FALSE
8262,Eye_Wall,Common,,FALSE,FALSE,Halloween,2021,,FALSE
8263,Breakout,Common,,FALSE,FALSE,Halloween,2021,,FALSE
8264,Happy_Halloween,Common,,FALSE,FALSE,Halloween,2021,,FALSE
8265,Angry_Pumpkin,Common,,FALSE,FALSE,Halloween,2021,,FALSE
8266,Cookie,Common,,FALSE,FALSE,Christmas,2021,,FALSE
8267,Santa_Hat,Common,,FALSE,FALSE,Christmas,2021,,FALSE
8268,Snowflake,Common,,FALSE,FALSE,Christmas,2021,,FALSE
8269,Balloon,Uncommon,,FALSE,FALSE,Birthday,2022,,FALSE
8270,Eight_Bit_Cake,Uncommon,,FALSE,TRUE,Birthday,2022,,FALSE
8271,Fireworks,Uncommon,,FALSE,FALSE,Birthday,2022,,FALSE
8272,Starter_Pack_Spray,Common,,FALSE,FALSE,,,,FALSE
8273,Tally,Common,,FALSE,TRUE,Birthday,2022,,FALSE
8274,Rose,Common,,FALSE,FALSE,Birthday,2022,,FALSE
8275,Feign_Bag,Common,,FALSE,FALSE,Birthday,2022,,FALSE
8276,Summer22_Spray_1,Common,,FALSE,FALSE,Summer,2022,,FALSE
8277,Summer22_Spray_2,Common,,FALSE,TRUE,Summer,2022,,FALSE
8278,Summer22_Spray_3,Common,,FALSE,FALSE,Summer,2022,,FALSE
8279,Summer22_Spray_A1,Uncommon,,FALSE,TRUE,Summer,2022,,FALSE
8280,Summer22_Spray_A2,Uncommon,,FALSE,FALSE,Summer,2022,,FALSE
8281,Summer22_Spray_A3,Uncommon,,FALSE,FALSE,Summer,2022,,FALSE
8282,Crest,Common,,FALSE,TRUE,,,,FALSE
10240,Innocent,Common,TRUE,TRUE,FALSE,,,,FALSE
10241,Infected,Common,TRUE,TRUE,FALSE,,,,FALSE
10242,Game_Master_Logo,Common,TRUE,TRUE,FALSE,,,,FALSE
10243,Lights_Out,Common,TRUE,TRUE,FALSE,,,,FALSE
10244,Escape,Common,TRUE,TRUE,FALSE,,,,FALSE
10331,Credits,Common,,TRUE,FALSE,,,,FALSE
10332,Luck,Common,,TRUE,FALSE,,,,FALSE
10333,Ripple,Common,,TRUE,FALSE,,,,FALSE
10334,The_Gram,Common,,TRUE,FALSE,,,,FALSE
10335,Glitch,Common,,TRUE,FALSE,,,,FALSE
10336,Carrot,Common,,TRUE,FALSE,,,,FALSE
10337,Love,Common,,TRUE,FALSE,,,,FALSE
10338,Fusion,Common,,TRUE,FALSE,,,,FALSE
10339,Tokens,Common,,TRUE,FALSE,,,,FALSE
10340,Switch,Common,,TRUE,FALSE,,,,FALSE
10341,Pawn,Common,,TRUE,FALSE,,,,FALSE
10342,Injection,Common,,TRUE,FALSE,,,,FALSE
10343,Letter_D,Common,,TRUE,FALSE,,,,FALSE
10344,Letter_E,Common,,TRUE,FALSE,,,,FALSE
10345,Letter_C,Common,,TRUE,FALSE,,,,FALSE
10346,Letter_I,Common,,TRUE,FALSE,,,,FALSE
10347,Letter_T,Common,,TRUE,FALSE,,,,FALSE
10348,The_Key,Common,,TRUE,FALSE,,,,FALSE
10349,2_vs_4,Common,,TRUE,FALSE,,,,FALSE
10350,Sharpshooter,Common,,TRUE,FALSE,,,,FALSE
10351,Kawaii,Common,,TRUE,FALSE,,,,FALSE
10352,Pride,Common,,TRUE,FALSE,,,,FALSE
10353,Stash,Common,,TRUE,FALSE,,,,FALSE
10354,Trust_Pad,Common,,TRUE,FALSE,,,,FALSE
10355,Eliminated,Common,,TRUE,FALSE,,,,FALSE
10245,Bronze_Rank,Common,,FALSE,TRUE,,,,FALSE
10246,Silver_Rank,Common,,FALSE,TRUE,,,,FALSE
10247,Gold_Rank,Common,,FALSE,TRUE,,,,FALSE
10248,Platinum_Rank,Common,,FALSE,TRUE,,,,FALSE
10249,Diamond_Rank,Common,,FALSE,TRUE,,,,FALSE
10250,Alex,Common,,FALSE,TRUE,,,,FALSE
10251,Chang,Common,,FALSE,TRUE,,,,FALSE
10252,Lisa,Common,,FALSE,TRUE,,,,FALSE
10253,Rachel,Common,,FALSE,TRUE,,,,FALSE
10254,Super_Alex,Common,,FALSE,TRUE,,,,FALSE
10255,Super_Chang,Common,,FALSE,TRUE,,,,FALSE
10256,Super_Lisa,Common,,FALSE,TRUE,,,,FALSE
10257,Super_Rachel,Common,,FALSE,TRUE,,,,FALSE
10258,Note_Taker,Common,,FALSE,TRUE,,,,FALSE
10259,Super_Squad,Common,,FALSE,TRUE,,,,FALSE
10260,Traitor,Common,,FALSE,TRUE,,,,FALSE
10261,Season,Common,,FALSE,TRUE,,,,FALSE
10262,Season,Common,,FALSE,TRUE,,,,FALSE
10263,Season,Common,,FALSE,TRUE,,,,FALSE
10264,Legacy,Common,,FALSE,TRUE,,,,FALSE
10265,Season,Common,,FALSE,TRUE,,,,FALSE
10266,Season,Common,,FALSE,TRUE,,,,FALSE
10267,Werewolf_DLC,Common,,FALSE,TRUE,,,,FALSE
10268,Perks,Common,,FALSE,TRUE,,,,FALSE
10269,Perks,Common,,FALSE,TRUE,,,,FALSE
10270,Perks,Common,,FALSE,TRUE,,,,FALSE
10271,Perks,Common,,FALSE,TRUE,,,,FALSE
10272,Perks,Common,,FALSE,TRUE,,,,FALSE
10273,Perks,Common,,FALSE,TRUE,,,,FALSE
10274,Automaton,Common,,FALSE,TRUE,,,,FALSE
10275,Play_Automaton,Common,,FALSE,TRUE,,,,FALSE
10276,Full_Moon,Common,,FALSE,TRUE,Halloween,2017,,FALSE
10277,Pumpkin_Candy,Common,,FALSE,TRUE,Halloween,2017,,FALSE
10278,Demon_Terror,Common,,FALSE,TRUE,Halloween,2017,,FALSE
10279,Season,Common,,FALSE,TRUE,,,,FALSE
10280,Season,Common,,FALSE,TRUE,,,,FALSE
10281,Season,Common,,FALSE,TRUE,,,,FALSE
10282,Season,Common,,FALSE,TRUE,,,,FALSE
10283,Season,Common,,FALSE,TRUE,,,,FALSE
10284,Perks,Common,,FALSE,TRUE,,,,FALSE
10285,Perks,Common,,FALSE,TRUE,,,,FALSE
10286,Candles,Common,,FALSE,TRUE,Christmas,2017,,FALSE
10287,Santa_Skull,Common,,FALSE,TRUE,Christmas,2017,,FALSE
10288,Frozen_Yeti,Common,,FALSE,TRUE,Christmas,2017,,FALSE
10289,Season,Common,,FALSE,TRUE,,,,FALSE
10290,Egg_Basket,Common,,FALSE,TRUE,Easter,2018,,FALSE
10291,Pastel_Bunny,Common,,FALSE,TRUE,Easter,2018,,FALSE
10292,Blood_Moon,Common,,FALSE,TRUE,Halloween,2018,,FALSE
10293,Cat_Eyes,Common,,FALSE,TRUE,Halloween,2018,,FALSE
10294,Terrific,Common,,FALSE,TRUE,Halloween,2018,,FALSE
10295,Vampire_DLC,Common,,FALSE,TRUE,,,,FALSE
10296,Virus,Common,,FALSE,TRUE,,,,FALSE
10297,Perks,Common,,FALSE,TRUE,,,,FALSE
10298,Perks,Common,,FALSE,TRUE,,,,FALSE
10299,Candy,Common,,FALSE,TRUE,Halloween,2019,,FALSE
10300,Angel_and_Demon,Common,,FALSE,TRUE,Halloween,2019,,FALSE
10301,Infected_Notes,Common,,FALSE,TRUE,Halloween,2019,,FALSE
10302,Perks,Common,,FALSE,TRUE,,,,FALSE
10303,Perks,Common,,FALSE,TRUE,,,,FALSE
10304,Baseline,Common,,FALSE,TRUE,,,,FALSE
10305,Play_Baseline,Common,,FALSE,TRUE,,,,FALSE
10306,Chistmas_Tree,Common,,FALSE,TRUE,Christmas,2019,,FALSE
10307,Under_The_Mistletoe,Common,,FALSE,TRUE,Christmas,2019,,FALSE
10308,Festive_Bunny,Common,,FALSE,TRUE,Christmas,2019,,FALSE
10309,Birthday_Cake,Common,,FALSE,TRUE,Birthday,2020,,FALSE
10310,Spoiled_Cake,Common,,FALSE,TRUE,Birthday,2020,,FALSE
10311,Perks,Common,,FALSE,TRUE,,,,FALSE
10312,Perks,Common,,FALSE,TRUE,,,,FALSE
10313,Easy_Challenge,Common,,FALSE,TRUE,,,,FALSE
10314,Medium_Challenge,Common,,FALSE,TRUE,,,,FALSE
10315,Hard_Challenge,Common,,FALSE,TRUE,,,,FALSE
10316,Very_Hard_Challenge,Common,,FALSE,TRUE,,,,FALSE
10317,Chocolate_Swirl,Common,,FALSE,TRUE,Easter,2020,,FALSE
10318,Foil_Bunny,Common,,FALSE,TRUE,Easter,2020,,FALSE
10319,Golden_Egg,Common,,FALSE,TRUE,Easter,2020,,FALSE
10320,Chuck,Common,,FALSE,TRUE,Easter,2020,,FALSE
10321,Community_Mod,Common,,FALSE,TRUE,,,,FALSE
10322,Translator,Common,,FALSE,TRUE,,,,FALSE
10323,Beta_Tester,Common,,FALSE,TRUE,,,,FALSE
10324,Sunshine,Common,,FALSE,TRUE,Summer,2020,,FALSE
10325,Infected_Castle,Common,,FALSE,TRUE,Summer,2020,,FALSE
10326,Kawaii_Ice_Cream,Common,,FALSE,TRUE,Summer,2020,,FALSE
10327,Starfish,Common,,FALSE,TRUE,Summer,2020,,FALSE
10356,Spider_Web,Common,,FALSE,TRUE,Halloween,2020,,FALSE
10357,Blood_Droplet,Common,,FALSE,TRUE,Halloween,2020,,FALSE
10358,Crawling_Hand,Common,,FALSE,TRUE,Halloween,2020,,FALSE
10359,Lucky_Sweets,Common,,FALSE,TRUE,Halloween,2020,,FALSE
10360,Haunted_House,Common,,FALSE,TRUE,Halloween,2020,,FALSE
10361,Full_Haunted_House,Common,,FALSE,TRUE,Halloween,2020,,FALSE
10362,Boo,Common,,FALSE,TRUE,Halloween,2020,,FALSE
10363,Dead_But_Dapper,Common,,FALSE,TRUE,Halloween,2020,,FALSE
10364,Perfect_Pumpkin,Common,,FALSE,TRUE,Halloween,2020,,FALSE
10365,Candy_Cane,Common,,FALSE,TRUE,Christmas,2020,,FALSE
10366,Snowflake,Common,,FALSE,TRUE,Christmas,2020,,FALSE
10367,Smiley,Common,,FALSE,TRUE,Christmas,2020,,FALSE
10368,Perks,Common,,FALSE,TRUE,,,,FALSE
10369,Perks,Common,,FALSE,TRUE,,,,FALSE
10370,Kiss,Common,,FALSE,TRUE,Valentines,2021,,FALSE
10371,No_Love,Common,,FALSE,TRUE,Valentines,2021,,FALSE
10372,Fourth_Birthday,Common,,FALSE,TRUE,Birthday,2021,,FALSE
10373,Perks,Common,,FALSE,TRUE,,,,FALSE
10374,Perks,Common,,FALSE,TRUE,,,,FALSE
10375,Flower_Power,Common,,FALSE,TRUE,Easter,2021,,FALSE
10376,Chocolate_Square,Common,,FALSE,TRUE,Easter,2021,,FALSE
10377,Egg_Bundle,Common,,FALSE,TRUE,Easter,2021,,FALSE
10378,Spider_DLC,Common,,FALSE,TRUE,,,,FALSE
10379,Perks,Common,,FALSE,TRUE,,,,FALSE
10380,Perks,Common,,FALSE,TRUE,,,,FALSE
10381,Perks,Common,,FALSE,TRUE,,,,FALSE
10382,Perks,Common,,FALSE,TRUE,,,,FALSE
10383,Perks,Common,,FALSE,TRUE,,,,FALSE
10384,Perks,Common,,FALSE,TRUE,,,,FALSE
10385,Watermelon,Common,,FALSE,FALSE,Summer,2021,,FALSE
10386,Turtle,Common,,FALSE,FALSE,Summer,2021,,FALSE
10387,Lemon,Common,,FALSE,FALSE,Summer,2021,,FALSE
10389,Steak,Common,,FALSE,TRUE,Summer,2021,,FALSE
10390,Happy_Halloween,Common,,FALSE,FALSE,Halloween,2021,,FALSE
10391,Smile,Common,,FALSE,FALSE,Halloween,2021,,FALSE
10392,Face_Wrap,Common,,FALSE,FALSE,Halloween,2021,,FALSE
10393,Golden_Sweet,Common,,FALSE,TRUE,Halloween,2021,,FALSE
10394,Golden_Challenge,Common,,FALSE,TRUE,Halloween,2021,,FALSE
10395,Golden_Cosmetic,Common,,FALSE,TRUE,Halloween,2021,,FALSE
10396,Challenges_Complete_Ex,Common,,FALSE,TRUE,,,,FALSE
10397,Challenges_Complete,Common,,FALSE,TRUE,,,,FALSE
10398,Reindeer,Common,,FALSE,FALSE,Christmas,2021,,FALSE
10399,Gingerbread_Man,Common,,FALSE,FALSE,Christmas,2021,,FALSE
10400,Snowman,Common,,FALSE,TRUE,Christmas,2021,,FALSE
10401,Santa,Common,,FALSE,TRUE,Christmas,2021,,FALSE
10402,Elf,Common,,FALSE,TRUE,Christmas,2021,,FALSE
10412,Terror_Eyes,Common,,FALSE,FALSE,Birthday,2022,,FALSE
10413,Mini_GM,Common,,FALSE,FALSE,Birthday,2022,,FALSE
10414,Fifth_Emblem,Common,,FALSE,TRUE,Birthday,2022,,FALSE
10415,Plushie,Common,,FALSE,TRUE,,,,FALSE
10416,Fifth_Battlepass,Common,,FALSE,TRUE,Birthday,2022,,FALSE
10417,Fifth_Cosmetics,Common,,FALSE,TRUE,Birthday,2022,,FALSE
10418,Fifth_Challenges,Common,,FALSE,TRUE,Birthday,2022,,FALSE
10419,Starter_Pack_Emblem,Common,,FALSE,TRUE,,,,FALSE
10420,Summer22_Emblem_1,Common,,FALSE,TRUE,Summer,2022,,FALSE
10421,Summer22_Emblem_2,Common,,FALSE,FALSE,Summer,2022,,FALSE
10422,Summer22_Emblem_3,Common,,FALSE,FALSE,Summer,2022,,FALSE
10423,Summer22_Emblem_Battlepass,Common,,FALSE,TRUE,Summer,2022,,FALSE
10424,Summer22_Emblem_Cosmetics,Common,,FALSE,TRUE,Summer,2022,,FALSE
10425,Summer22_Emblem_Challenges,Common,,FALSE,TRUE,Summer,2022,,FALSE
10426,Crest,Common,,FALSE,TRUE,,,,FALSE
